NumQuestions,CreationDateOnly
"6","2008-07-31 00:00:00"
"142","2008-08-01 00:00:00"
"98","2008-08-02 00:00:00"
"132","2008-08-03 00:00:00"
"342","2008-08-04 00:00:00"
"545","2008-08-05 00:00:00"
"515","2008-08-06 00:00:00"
"605","2008-08-07 00:00:00"
"461","2008-08-08 00:00:00"
"237","2008-08-09 00:00:00"
"196","2008-08-10 00:00:00"
"461","2008-08-11 00:00:00"
"559","2008-08-12 00:00:00"
"543","2008-08-13 00:00:00"
"664","2008-08-14 00:00:00"
"625","2008-08-15 00:00:00"
"271","2008-08-16 00:00:00"
"306","2008-08-17 00:00:00"
"779","2008-08-18 00:00:00"
"1031","2008-08-19 00:00:00"
"1001","2008-08-20 00:00:00"
"1200","2008-08-21 00:00:00"
"1200","2008-08-22 00:00:00"
"529","2008-08-23 00:00:00"
"448","2008-08-24 00:00:00"
"932","2008-08-25 00:00:00"
"1199","2008-08-26 00:00:00"
"1319","2008-08-27 00:00:00"
"1410","2008-08-28 00:00:00"
"1206","2008-08-29 00:00:00"
"613","2008-08-30 00:00:00"
"491","2008-08-31 00:00:00"
"920","2008-09-01 00:00:00"
"1483","2008-09-02 00:00:00"
"1292","2008-09-03 00:00:00"
"1323","2008-09-04 00:00:00"
"1298","2008-09-05 00:00:00"
"560","2008-09-06 00:00:00"
"584","2008-09-07 00:00:00"
"1380","2008-09-08 00:00:00"
"1538","2008-09-09 00:00:00"
"1431","2008-09-10 00:00:00"
"1611","2008-09-11 00:00:00"
"1448","2008-09-12 00:00:00"
"581","2008-09-13 00:00:00"
"530","2008-09-14 00:00:00"
"4337","2008-09-15 00:00:00"
"6997","2008-09-16 00:00:00"
"6683","2008-09-17 00:00:00"
"5940","2008-09-18 00:00:00"
"5453","2008-09-19 00:00:00"
"1990","2008-09-20 00:00:00"
"1757","2008-09-21 00:00:00"
"4130","2008-09-22 00:00:00"
"4342","2008-09-23 00:00:00"
"4105","2008-09-24 00:00:00"
"4194","2008-09-25 00:00:00"
"3921","2008-09-26 00:00:00"
"1469","2008-09-27 00:00:00"
"1510","2008-09-28 00:00:00"
"3049","2008-09-29 00:00:00"
"3445","2008-09-30 00:00:00"
"3200","2008-10-01 00:00:00"
"3438","2008-10-02 00:00:00"
"2887","2008-10-03 00:00:00"
"1218","2008-10-04 00:00:00"
"1088","2008-10-05 00:00:00"
"2722","2008-10-06 00:00:00"
"3045","2008-10-07 00:00:00"
"3282","2008-10-08 00:00:00"
"3150","2008-10-09 00:00:00"
"2708","2008-10-10 00:00:00"
"1045","2008-10-11 00:00:00"
"1052","2008-10-12 00:00:00"
"2407","2008-10-13 00:00:00"
"2872","2008-10-14 00:00:00"
"2604","2008-10-15 00:00:00"
"2713","2008-10-16 00:00:00"
"2533","2008-10-17 00:00:00"
"1111","2008-10-18 00:00:00"
"1022","2008-10-19 00:00:00"
"2430","2008-10-20 00:00:00"
"2861","2008-10-21 00:00:00"
"2890","2008-10-22 00:00:00"
"2770","2008-10-23 00:00:00"
"2495","2008-10-24 00:00:00"
"1114","2008-10-25 00:00:00"
"1032","2008-10-26 00:00:00"
"2045","2008-10-27 00:00:00"
"2655","2008-10-28 00:00:00"
"2693","2008-10-29 00:00:00"
"2552","2008-10-30 00:00:00"
"2256","2008-10-31 00:00:00"
"752","2008-11-01 00:00:00"
"935","2008-11-02 00:00:00"
"2049","2008-11-03 00:00:00"
"2657","2008-11-04 00:00:00"
"2405","2008-11-05 00:00:00"
"2727","2008-11-06 00:00:00"
"2479","2008-11-07 00:00:00"
"1037","2008-11-08 00:00:00"
"980","2008-11-09 00:00:00"
"2292","2008-11-10 00:00:00"
"2279","2008-11-11 00:00:00"
"2577","2008-11-12 00:00:00"
"2321","2008-11-13 00:00:00"
"2285","2008-11-14 00:00:00"
"1097","2008-11-15 00:00:00"
"943","2008-11-16 00:00:00"
"2129","2008-11-17 00:00:00"
"2375","2008-11-18 00:00:00"
"2481","2008-11-19 00:00:00"
"2452","2008-11-20 00:00:00"
"2272","2008-11-21 00:00:00"
"968","2008-11-22 00:00:00"
"930","2008-11-23 00:00:00"
"2118","2008-11-24 00:00:00"
"2515","2008-11-25 00:00:00"
"2373","2008-11-26 00:00:00"
"1696","2008-11-27 00:00:00"
"1548","2008-11-28 00:00:00"
"949","2008-11-29 00:00:00"
"898","2008-11-30 00:00:00"
"2069","2008-12-01 00:00:00"
"2394","2008-12-02 00:00:00"
"2391","2008-12-03 00:00:00"
"2498","2008-12-04 00:00:00"
"2145","2008-12-05 00:00:00"
"1011","2008-12-06 00:00:00"
"929","2008-12-07 00:00:00"
"2182","2008-12-08 00:00:00"
"2417","2008-12-09 00:00:00"
"2392","2008-12-10 00:00:00"
"2497","2008-12-11 00:00:00"
"2252","2008-12-12 00:00:00"
"1005","2008-12-13 00:00:00"
"863","2008-12-14 00:00:00"
"2092","2008-12-15 00:00:00"
"2297","2008-12-16 00:00:00"
"2551","2008-12-17 00:00:00"
"2414","2008-12-18 00:00:00"
"2170","2008-12-19 00:00:00"
"923","2008-12-20 00:00:00"
"903","2008-12-21 00:00:00"
"1877","2008-12-22 00:00:00"
"1935","2008-12-23 00:00:00"
"1343","2008-12-24 00:00:00"
"575","2008-12-25 00:00:00"
"792","2008-12-26 00:00:00"
"828","2008-12-27 00:00:00"
"984","2008-12-28 00:00:00"
"1709","2008-12-29 00:00:00"
"2076","2008-12-30 00:00:00"
"1665","2008-12-31 00:00:00"
"941","2009-01-01 00:00:00"
"1853","2009-01-02 00:00:00"
"1248","2009-01-03 00:00:00"
"1356","2009-01-04 00:00:00"
"2256","2009-01-05 00:00:00"
"2799","2009-01-06 00:00:00"
"2967","2009-01-07 00:00:00"
"2745","2009-01-08 00:00:00"
"2620","2009-01-09 00:00:00"
"1321","2009-01-10 00:00:00"
"1514","2009-01-11 00:00:00"
"2707","2009-01-12 00:00:00"
"2783","2009-01-13 00:00:00"
"2899","2009-01-14 00:00:00"
"2976","2009-01-15 00:00:00"
"2640","2009-01-16 00:00:00"
"1287","2009-01-17 00:00:00"
"1337","2009-01-18 00:00:00"
"2619","2009-01-19 00:00:00"
"3009","2009-01-20 00:00:00"
"3043","2009-01-21 00:00:00"
"2721","2009-01-22 00:00:00"
"2800","2009-01-23 00:00:00"
"1321","2009-01-24 00:00:00"
"1160","2009-01-25 00:00:00"
"2687","2009-01-26 00:00:00"
"3094","2009-01-27 00:00:00"
"3067","2009-01-28 00:00:00"
"3138","2009-01-29 00:00:00"
"2882","2009-01-30 00:00:00"
"1488","2009-01-31 00:00:00"
"1484","2009-02-01 00:00:00"
"2766","2009-02-02 00:00:00"
"3119","2009-02-03 00:00:00"
"3445","2009-02-04 00:00:00"
"3604","2009-02-05 00:00:00"
"3234","2009-02-06 00:00:00"
"1560","2009-02-07 00:00:00"
"1439","2009-02-08 00:00:00"
"3074","2009-02-09 00:00:00"
"3414","2009-02-10 00:00:00"
"3621","2009-02-11 00:00:00"
"3832","2009-02-12 00:00:00"
"3175","2009-02-13 00:00:00"
"1387","2009-02-14 00:00:00"
"1512","2009-02-15 00:00:00"
"2518","2009-02-16 00:00:00"
"3409","2009-02-17 00:00:00"
"3308","2009-02-18 00:00:00"
"3301","2009-02-19 00:00:00"
"3060","2009-02-20 00:00:00"
"1523","2009-02-21 00:00:00"
"1658","2009-02-22 00:00:00"
"3059","2009-02-23 00:00:00"
"3444","2009-02-24 00:00:00"
"3386","2009-02-25 00:00:00"
"3710","2009-02-26 00:00:00"
"3366","2009-02-27 00:00:00"
"1440","2009-02-28 00:00:00"
"1469","2009-03-01 00:00:00"
"3005","2009-03-02 00:00:00"
"3365","2009-03-03 00:00:00"
"3531","2009-03-04 00:00:00"
"3455","2009-03-05 00:00:00"
"3049","2009-03-06 00:00:00"
"1475","2009-03-07 00:00:00"
"1493","2009-03-08 00:00:00"
"3274","2009-03-09 00:00:00"
"3345","2009-03-10 00:00:00"
"3238","2009-03-11 00:00:00"
"3302","2009-03-12 00:00:00"
"3284","2009-03-13 00:00:00"
"1531","2009-03-14 00:00:00"
"1479","2009-03-15 00:00:00"
"3162","2009-03-16 00:00:00"
"3102","2009-03-17 00:00:00"
"3290","2009-03-18 00:00:00"
"3072","2009-03-19 00:00:00"
"3136","2009-03-20 00:00:00"
"1527","2009-03-21 00:00:00"
"1313","2009-03-22 00:00:00"
"3190","2009-03-23 00:00:00"
"3334","2009-03-24 00:00:00"
"3457","2009-03-25 00:00:00"
"3293","2009-03-26 00:00:00"
"3141","2009-03-27 00:00:00"
"1558","2009-03-28 00:00:00"
"1522","2009-03-29 00:00:00"
"3145","2009-03-30 00:00:00"
"3162","2009-03-31 00:00:00"
"3360","2009-04-01 00:00:00"
"3563","2009-04-02 00:00:00"
"3362","2009-04-03 00:00:00"
"1605","2009-04-04 00:00:00"
"1487","2009-04-05 00:00:00"
"3136","2009-04-06 00:00:00"
"3446","2009-04-07 00:00:00"
"3573","2009-04-08 00:00:00"
"3362","2009-04-09 00:00:00"
"2331","2009-04-10 00:00:00"
"1485","2009-04-11 00:00:00"
"1275","2009-04-12 00:00:00"
"2543","2009-04-13 00:00:00"
"3205","2009-04-14 00:00:00"
"3661","2009-04-15 00:00:00"
"3466","2009-04-16 00:00:00"
"3323","2009-04-17 00:00:00"
"1601","2009-04-18 00:00:00"
"1580","2009-04-19 00:00:00"
"3394","2009-04-20 00:00:00"
"3877","2009-04-21 00:00:00"
"3714","2009-04-22 00:00:00"
"3555","2009-04-23 00:00:00"
"3101","2009-04-24 00:00:00"
"1716","2009-04-25 00:00:00"
"1538","2009-04-26 00:00:00"
"3211","2009-04-27 00:00:00"
"3764","2009-04-28 00:00:00"
"3718","2009-04-29 00:00:00"
"3973","2009-04-30 00:00:00"
"3298","2009-05-01 00:00:00"
"1782","2009-05-02 00:00:00"
"1969","2009-05-03 00:00:00"
"3554","2009-05-04 00:00:00"
"3988","2009-05-05 00:00:00"
"4017","2009-05-06 00:00:00"
"4364","2009-05-07 00:00:00"
"3962","2009-05-08 00:00:00"
"1754","2009-05-09 00:00:00"
"1630","2009-05-10 00:00:00"
"3561","2009-05-11 00:00:00"
"4102","2009-05-12 00:00:00"
"4660","2009-05-13 00:00:00"
"4580","2009-05-14 00:00:00"
"3966","2009-05-15 00:00:00"
"1847","2009-05-16 00:00:00"
"1815","2009-05-17 00:00:00"
"3842","2009-05-18 00:00:00"
"4307","2009-05-19 00:00:00"
"4333","2009-05-20 00:00:00"
"4214","2009-05-21 00:00:00"
"3886","2009-05-22 00:00:00"
"1835","2009-05-23 00:00:00"
"1778","2009-05-24 00:00:00"
"2806","2009-05-25 00:00:00"
"4039","2009-05-26 00:00:00"
"4430","2009-05-27 00:00:00"
"4396","2009-05-28 00:00:00"
"4106","2009-05-29 00:00:00"
"1918","2009-05-30 00:00:00"
"1847","2009-05-31 00:00:00"
"3529","2009-06-01 00:00:00"
"4336","2009-06-02 00:00:00"
"4435","2009-06-03 00:00:00"
"4898","2009-06-04 00:00:00"
"4077","2009-06-05 00:00:00"
"1876","2009-06-06 00:00:00"
"1795","2009-06-07 00:00:00"
"3859","2009-06-08 00:00:00"
"4574","2009-06-09 00:00:00"
"4684","2009-06-10 00:00:00"
"4766","2009-06-11 00:00:00"
"4278","2009-06-12 00:00:00"
"1853","2009-06-13 00:00:00"
"1798","2009-06-14 00:00:00"
"4148","2009-06-15 00:00:00"
"4429","2009-06-16 00:00:00"
"4654","2009-06-17 00:00:00"
"4807","2009-06-18 00:00:00"
"4011","2009-06-19 00:00:00"
"1913","2009-06-20 00:00:00"
"1871","2009-06-21 00:00:00"
"4100","2009-06-22 00:00:00"
"4903","2009-06-23 00:00:00"
"4757","2009-06-24 00:00:00"
"4382","2009-06-25 00:00:00"
"4157","2009-06-26 00:00:00"
"1783","2009-06-27 00:00:00"
"1842","2009-06-28 00:00:00"
"4207","2009-06-29 00:00:00"
"4647","2009-06-30 00:00:00"
"4373","2009-07-01 00:00:00"
"4405","2009-07-02 00:00:00"
"3228","2009-07-03 00:00:00"
"1693","2009-07-04 00:00:00"
"1551","2009-07-05 00:00:00"
"3983","2009-07-06 00:00:00"
"4742","2009-07-07 00:00:00"
"4819","2009-07-08 00:00:00"
"4958","2009-07-09 00:00:00"
"4551","2009-07-10 00:00:00"
"2067","2009-07-11 00:00:00"
"1873","2009-07-12 00:00:00"
"4501","2009-07-13 00:00:00"
"4964","2009-07-14 00:00:00"
"5061","2009-07-15 00:00:00"
"5165","2009-07-16 00:00:00"
"4479","2009-07-17 00:00:00"
"2195","2009-07-18 00:00:00"
"1954","2009-07-19 00:00:00"
"4471","2009-07-20 00:00:00"
"4816","2009-07-21 00:00:00"
"5387","2009-07-22 00:00:00"
"5173","2009-07-23 00:00:00"
"4579","2009-07-24 00:00:00"
"2189","2009-07-25 00:00:00"
"2121","2009-07-26 00:00:00"
"4416","2009-07-27 00:00:00"
"5045","2009-07-28 00:00:00"
"5219","2009-07-29 00:00:00"
"5146","2009-07-30 00:00:00"
"4500","2009-07-31 00:00:00"
"1981","2009-08-01 00:00:00"
"1877","2009-08-02 00:00:00"
"4220","2009-08-03 00:00:00"
"4369","2009-08-04 00:00:00"
"4833","2009-08-05 00:00:00"
"4954","2009-08-06 00:00:00"
"4394","2009-08-07 00:00:00"
"2128","2009-08-08 00:00:00"
"2028","2009-08-09 00:00:00"
"4326","2009-08-10 00:00:00"
"4740","2009-08-11 00:00:00"
"4854","2009-08-12 00:00:00"
"5054","2009-08-13 00:00:00"
"4581","2009-08-14 00:00:00"
"1964","2009-08-15 00:00:00"
"2076","2009-08-16 00:00:00"
"4520","2009-08-17 00:00:00"
"5062","2009-08-18 00:00:00"
"5120","2009-08-19 00:00:00"
"5206","2009-08-20 00:00:00"
"4264","2009-08-21 00:00:00"
"2165","2009-08-22 00:00:00"
"2060","2009-08-23 00:00:00"
"4581","2009-08-24 00:00:00"
"5230","2009-08-25 00:00:00"
"5507","2009-08-26 00:00:00"
"5024","2009-08-27 00:00:00"
"4660","2009-08-28 00:00:00"
"2247","2009-08-29 00:00:00"
"2219","2009-08-30 00:00:00"
"3990","2009-08-31 00:00:00"
"4461","2009-09-01 00:00:00"
"4569","2009-09-02 00:00:00"
"4941","2009-09-03 00:00:00"
"4533","2009-09-04 00:00:00"
"2072","2009-09-05 00:00:00"
"2091","2009-09-06 00:00:00"
"3556","2009-09-07 00:00:00"
"4696","2009-09-08 00:00:00"
"5007","2009-09-09 00:00:00"
"4740","2009-09-10 00:00:00"
"4542","2009-09-11 00:00:00"
"2250","2009-09-12 00:00:00"
"2247","2009-09-13 00:00:00"
"4407","2009-09-14 00:00:00"
"4822","2009-09-15 00:00:00"
"4904","2009-09-16 00:00:00"
"4841","2009-09-17 00:00:00"
"4397","2009-09-18 00:00:00"
"2110","2009-09-19 00:00:00"
"2112","2009-09-20 00:00:00"
"4332","2009-09-21 00:00:00"
"4780","2009-09-22 00:00:00"
"4909","2009-09-23 00:00:00"
"4596","2009-09-24 00:00:00"
"4387","2009-09-25 00:00:00"
"2007","2009-09-26 00:00:00"
"2020","2009-09-27 00:00:00"
"4327","2009-09-28 00:00:00"
"4828","2009-09-29 00:00:00"
"4839","2009-09-30 00:00:00"
"4893","2009-10-01 00:00:00"
"4348","2009-10-02 00:00:00"
"2378","2009-10-03 00:00:00"
"2180","2009-10-04 00:00:00"
"4439","2009-10-05 00:00:00"
"4922","2009-10-06 00:00:00"
"5186","2009-10-07 00:00:00"
"5404","2009-10-08 00:00:00"
"4544","2009-10-09 00:00:00"
"2312","2009-10-10 00:00:00"
"2239","2009-10-11 00:00:00"
"4528","2009-10-12 00:00:00"
"5041","2009-10-13 00:00:00"
"5091","2009-10-14 00:00:00"
"5192","2009-10-15 00:00:00"
"4370","2009-10-16 00:00:00"
"2171","2009-10-17 00:00:00"
"2317","2009-10-18 00:00:00"
"4495","2009-10-19 00:00:00"
"5246","2009-10-20 00:00:00"
"5237","2009-10-21 00:00:00"
"5339","2009-10-22 00:00:00"
"4853","2009-10-23 00:00:00"
"2502","2009-10-24 00:00:00"
"2466","2009-10-25 00:00:00"
"4529","2009-10-26 00:00:00"
"5400","2009-10-27 00:00:00"
"5455","2009-10-28 00:00:00"
"5317","2009-10-29 00:00:00"
"4729","2009-10-30 00:00:00"
"2579","2009-10-31 00:00:00"
"2384","2009-11-01 00:00:00"
"4750","2009-11-02 00:00:00"
"5521","2009-11-03 00:00:00"
"5602","2009-11-04 00:00:00"
"5959","2009-11-05 00:00:00"
"5696","2009-11-06 00:00:00"
"2916","2009-11-07 00:00:00"
"2790","2009-11-08 00:00:00"
"5318","2009-11-09 00:00:00"
"6149","2009-11-10 00:00:00"
"5698","2009-11-11 00:00:00"
"6125","2009-11-12 00:00:00"
"5378","2009-11-13 00:00:00"
"2907","2009-11-14 00:00:00"
"2769","2009-11-15 00:00:00"
"5333","2009-11-16 00:00:00"
"5891","2009-11-17 00:00:00"
"6108","2009-11-18 00:00:00"
"6283","2009-11-19 00:00:00"
"5193","2009-11-20 00:00:00"
"2763","2009-11-21 00:00:00"
"2666","2009-11-22 00:00:00"
"5403","2009-11-23 00:00:00"
"5812","2009-11-24 00:00:00"
"5924","2009-11-25 00:00:00"
"4588","2009-11-26 00:00:00"
"4121","2009-11-27 00:00:00"
"2613","2009-11-28 00:00:00"
"2563","2009-11-29 00:00:00"
"5121","2009-11-30 00:00:00"
"5461","2009-12-01 00:00:00"
"5827","2009-12-02 00:00:00"
"6056","2009-12-03 00:00:00"
"5503","2009-12-04 00:00:00"
"2861","2009-12-05 00:00:00"
"2619","2009-12-06 00:00:00"
"5542","2009-12-07 00:00:00"
"5845","2009-12-08 00:00:00"
"5763","2009-12-09 00:00:00"
"6033","2009-12-10 00:00:00"
"5500","2009-12-11 00:00:00"
"2819","2009-12-12 00:00:00"
"2696","2009-12-13 00:00:00"
"5184","2009-12-14 00:00:00"
"5947","2009-12-15 00:00:00"
"6226","2009-12-16 00:00:00"
"5716","2009-12-17 00:00:00"
"4947","2009-12-18 00:00:00"
"2602","2009-12-19 00:00:00"
"2513","2009-12-20 00:00:00"
"4918","2009-12-21 00:00:00"
"5580","2009-12-22 00:00:00"
"5088","2009-12-23 00:00:00"
"3387","2009-12-24 00:00:00"
"1724","2009-12-25 00:00:00"
"1956","2009-12-26 00:00:00"
"2289","2009-12-27 00:00:00"
"4014","2009-12-28 00:00:00"
"4623","2009-12-29 00:00:00"
"4656","2009-12-30 00:00:00"
"3624","2009-12-31 00:00:00"
"2179","2010-01-01 00:00:00"
"2724","2010-01-02 00:00:00"
"2858","2010-01-03 00:00:00"
"5362","2010-01-04 00:00:00"
"5685","2010-01-05 00:00:00"
"6130","2010-01-06 00:00:00"
"6291","2010-01-07 00:00:00"
"5866","2010-01-08 00:00:00"
"3197","2010-01-09 00:00:00"
"3188","2010-01-10 00:00:00"
"5510","2010-01-11 00:00:00"
"6282","2010-01-12 00:00:00"
"6516","2010-01-13 00:00:00"
"6068","2010-01-14 00:00:00"
"5992","2010-01-15 00:00:00"
"3229","2010-01-16 00:00:00"
"3098","2010-01-17 00:00:00"
"5814","2010-01-18 00:00:00"
"6834","2010-01-19 00:00:00"
"6628","2010-01-20 00:00:00"
"6673","2010-01-21 00:00:00"
"6180","2010-01-22 00:00:00"
"3230","2010-01-23 00:00:00"
"3585","2010-01-24 00:00:00"
"5993","2010-01-25 00:00:00"
"6055","2010-01-26 00:00:00"
"6588","2010-01-27 00:00:00"
"6439","2010-01-28 00:00:00"
"6076","2010-01-29 00:00:00"
"3189","2010-01-30 00:00:00"
"3341","2010-01-31 00:00:00"
"5965","2010-02-01 00:00:00"
"6542","2010-02-02 00:00:00"
"6501","2010-02-03 00:00:00"
"6568","2010-02-04 00:00:00"
"6127","2010-02-05 00:00:00"
"3303","2010-02-06 00:00:00"
"3048","2010-02-07 00:00:00"
"5772","2010-02-08 00:00:00"
"6491","2010-02-09 00:00:00"
"6621","2010-02-10 00:00:00"
"6271","2010-02-11 00:00:00"
"6034","2010-02-12 00:00:00"
"3133","2010-02-13 00:00:00"
"3098","2010-02-14 00:00:00"
"5379","2010-02-15 00:00:00"
"6422","2010-02-16 00:00:00"
"6812","2010-02-17 00:00:00"
"6603","2010-02-18 00:00:00"
"6114","2010-02-19 00:00:00"
"3129","2010-02-20 00:00:00"
"3167","2010-02-21 00:00:00"
"6060","2010-02-22 00:00:00"
"6331","2010-02-23 00:00:00"
"6665","2010-02-24 00:00:00"
"6617","2010-02-25 00:00:00"
"5795","2010-02-26 00:00:00"
"3194","2010-02-27 00:00:00"
"3147","2010-02-28 00:00:00"
"5680","2010-03-01 00:00:00"
"6600","2010-03-02 00:00:00"
"6691","2010-03-03 00:00:00"
"6490","2010-03-04 00:00:00"
"6063","2010-03-05 00:00:00"
"3202","2010-03-06 00:00:00"
"3325","2010-03-07 00:00:00"
"6075","2010-03-08 00:00:00"
"6688","2010-03-09 00:00:00"
"6804","2010-03-10 00:00:00"
"6674","2010-03-11 00:00:00"
"5910","2010-03-12 00:00:00"
"3337","2010-03-13 00:00:00"
"3174","2010-03-14 00:00:00"
"5835","2010-03-15 00:00:00"
"6597","2010-03-16 00:00:00"
"6405","2010-03-17 00:00:00"
"6210","2010-03-18 00:00:00"
"5992","2010-03-19 00:00:00"
"3350","2010-03-20 00:00:00"
"3354","2010-03-21 00:00:00"
"6140","2010-03-22 00:00:00"
"6583","2010-03-23 00:00:00"
"6509","2010-03-24 00:00:00"
"6660","2010-03-25 00:00:00"
"6038","2010-03-26 00:00:00"
"3176","2010-03-27 00:00:00"
"3096","2010-03-28 00:00:00"
"5784","2010-03-29 00:00:00"
"6299","2010-03-30 00:00:00"
"6428","2010-03-31 00:00:00"
"5763","2010-04-01 00:00:00"
"4414","2010-04-02 00:00:00"
"2710","2010-04-03 00:00:00"
"2759","2010-04-04 00:00:00"
"4623","2010-04-05 00:00:00"
"6135","2010-04-06 00:00:00"
"6340","2010-04-07 00:00:00"
"6380","2010-04-08 00:00:00"
"6220","2010-04-09 00:00:00"
"3270","2010-04-10 00:00:00"
"3083","2010-04-11 00:00:00"
"5912","2010-04-12 00:00:00"
"6594","2010-04-13 00:00:00"
"6611","2010-04-14 00:00:00"
"6550","2010-04-15 00:00:00"
"5897","2010-04-16 00:00:00"
"3198","2010-04-17 00:00:00"
"3320","2010-04-18 00:00:00"
"6031","2010-04-19 00:00:00"
"6549","2010-04-20 00:00:00"
"6592","2010-04-21 00:00:00"
"6732","2010-04-22 00:00:00"
"6123","2010-04-23 00:00:00"
"3296","2010-04-24 00:00:00"
"3178","2010-04-25 00:00:00"
"6266","2010-04-26 00:00:00"
"6932","2010-04-27 00:00:00"
"6714","2010-04-28 00:00:00"
"6425","2010-04-29 00:00:00"
"5687","2010-04-30 00:00:00"
"3011","2010-05-01 00:00:00"
"2932","2010-05-02 00:00:00"
"5419","2010-05-03 00:00:00"
"6472","2010-05-04 00:00:00"
"6549","2010-05-05 00:00:00"
"6445","2010-05-06 00:00:00"
"5864","2010-05-07 00:00:00"
"3093","2010-05-08 00:00:00"
"2895","2010-05-09 00:00:00"
"6285","2010-05-10 00:00:00"
"6609","2010-05-11 00:00:00"
"7028","2010-05-12 00:00:00"
"6101","2010-05-13 00:00:00"
"6053","2010-05-14 00:00:00"
"3090","2010-05-15 00:00:00"
"3284","2010-05-16 00:00:00"
"6547","2010-05-17 00:00:00"
"6962","2010-05-18 00:00:00"
"6899","2010-05-19 00:00:00"
"7121","2010-05-20 00:00:00"
"6398","2010-05-21 00:00:00"
"3227","2010-05-22 00:00:00"
"3138","2010-05-23 00:00:00"
"6066","2010-05-24 00:00:00"
"6794","2010-05-25 00:00:00"
"6993","2010-05-26 00:00:00"
"6849","2010-05-27 00:00:00"
"6170","2010-05-28 00:00:00"
"3230","2010-05-29 00:00:00"
"3096","2010-05-30 00:00:00"
"4881","2010-05-31 00:00:00"
"6405","2010-06-01 00:00:00"
"7046","2010-06-02 00:00:00"
"6940","2010-06-03 00:00:00"
"6714","2010-06-04 00:00:00"
"3485","2010-06-05 00:00:00"
"3184","2010-06-06 00:00:00"
"6409","2010-06-07 00:00:00"
"6944","2010-06-08 00:00:00"
"7168","2010-06-09 00:00:00"
"7248","2010-06-10 00:00:00"
"6424","2010-06-11 00:00:00"
"2989","2010-06-12 00:00:00"
"3291","2010-06-13 00:00:00"
"6172","2010-06-14 00:00:00"
"6941","2010-06-15 00:00:00"
"6892","2010-06-16 00:00:00"
"7067","2010-06-17 00:00:00"
"6194","2010-06-18 00:00:00"
"3289","2010-06-19 00:00:00"
"3161","2010-06-20 00:00:00"
"6597","2010-06-21 00:00:00"
"7299","2010-06-22 00:00:00"
"7069","2010-06-23 00:00:00"
"6934","2010-06-24 00:00:00"
"6197","2010-06-25 00:00:00"
"3142","2010-06-26 00:00:00"
"2978","2010-06-27 00:00:00"
"6509","2010-06-28 00:00:00"
"7289","2010-06-29 00:00:00"
"7371","2010-06-30 00:00:00"
"7013","2010-07-01 00:00:00"
"6120","2010-07-02 00:00:00"
"2985","2010-07-03 00:00:00"
"2889","2010-07-04 00:00:00"
"5306","2010-07-05 00:00:00"
"7031","2010-07-06 00:00:00"
"7494","2010-07-07 00:00:00"
"7757","2010-07-08 00:00:00"
"7109","2010-07-09 00:00:00"
"3489","2010-07-10 00:00:00"
"3250","2010-07-11 00:00:00"
"6778","2010-07-12 00:00:00"
"8042","2010-07-13 00:00:00"
"7686","2010-07-14 00:00:00"
"8021","2010-07-15 00:00:00"
"7291","2010-07-16 00:00:00"
"3531","2010-07-17 00:00:00"
"3393","2010-07-18 00:00:00"
"7092","2010-07-19 00:00:00"
"7892","2010-07-20 00:00:00"
"8025","2010-07-21 00:00:00"
"8120","2010-07-22 00:00:00"
"7405","2010-07-23 00:00:00"
"3543","2010-07-24 00:00:00"
"3451","2010-07-25 00:00:00"
"7063","2010-07-26 00:00:00"
"7617","2010-07-27 00:00:00"
"8097","2010-07-28 00:00:00"
"7964","2010-07-29 00:00:00"
"7117","2010-07-30 00:00:00"
"3399","2010-07-31 00:00:00"
"3427","2010-08-01 00:00:00"
"7151","2010-08-02 00:00:00"
"7567","2010-08-03 00:00:00"
"7799","2010-08-04 00:00:00"
"7904","2010-08-05 00:00:00"
"7185","2010-08-06 00:00:00"
"3328","2010-08-07 00:00:00"
"3432","2010-08-08 00:00:00"
"7144","2010-08-09 00:00:00"
"7877","2010-08-10 00:00:00"
"8005","2010-08-11 00:00:00"
"7694","2010-08-12 00:00:00"
"7090","2010-08-13 00:00:00"
"3593","2010-08-14 00:00:00"
"3479","2010-08-15 00:00:00"
"7232","2010-08-16 00:00:00"
"8165","2010-08-17 00:00:00"
"8286","2010-08-18 00:00:00"
"8171","2010-08-19 00:00:00"
"7127","2010-08-20 00:00:00"
"3283","2010-08-21 00:00:00"
"3827","2010-08-22 00:00:00"
"7368","2010-08-23 00:00:00"
"8017","2010-08-24 00:00:00"
"7848","2010-08-25 00:00:00"
"8090","2010-08-26 00:00:00"
"7216","2010-08-27 00:00:00"
"3541","2010-08-28 00:00:00"
"3482","2010-08-29 00:00:00"
"6836","2010-08-30 00:00:00"
"7621","2010-08-31 00:00:00"
"7646","2010-09-01 00:00:00"
"7781","2010-09-02 00:00:00"
"6999","2010-09-03 00:00:00"
"3562","2010-09-04 00:00:00"
"3283","2010-09-05 00:00:00"
"5666","2010-09-06 00:00:00"
"7344","2010-09-07 00:00:00"
"7838","2010-09-08 00:00:00"
"7297","2010-09-09 00:00:00"
"6609","2010-09-10 00:00:00"
"3363","2010-09-11 00:00:00"
"3414","2010-09-12 00:00:00"
"6895","2010-09-13 00:00:00"
"7314","2010-09-14 00:00:00"
"7680","2010-09-15 00:00:00"
"7707","2010-09-16 00:00:00"
"6898","2010-09-17 00:00:00"
"3554","2010-09-18 00:00:00"
"3357","2010-09-19 00:00:00"
"7137","2010-09-20 00:00:00"
"7652","2010-09-21 00:00:00"
"7783","2010-09-22 00:00:00"
"7462","2010-09-23 00:00:00"
"7259","2010-09-24 00:00:00"
"3566","2010-09-25 00:00:00"
"3716","2010-09-26 00:00:00"
"7064","2010-09-27 00:00:00"
"7800","2010-09-28 00:00:00"
"7596","2010-09-29 00:00:00"
"7576","2010-09-30 00:00:00"
"6947","2010-10-01 00:00:00"
"3549","2010-10-02 00:00:00"
"3456","2010-10-03 00:00:00"
"6705","2010-10-04 00:00:00"
"7370","2010-10-05 00:00:00"
"7799","2010-10-06 00:00:00"
"7675","2010-10-07 00:00:00"
"7085","2010-10-08 00:00:00"
"2812","2010-10-09 00:00:00"
"3731","2010-10-10 00:00:00"
"6883","2010-10-11 00:00:00"
"7790","2010-10-12 00:00:00"
"7734","2010-10-13 00:00:00"
"8044","2010-10-14 00:00:00"
"7232","2010-10-15 00:00:00"
"3741","2010-10-16 00:00:00"
"3812","2010-10-17 00:00:00"
"7323","2010-10-18 00:00:00"
"7970","2010-10-19 00:00:00"
"7969","2010-10-20 00:00:00"
"8251","2010-10-21 00:00:00"
"7500","2010-10-22 00:00:00"
"4163","2010-10-23 00:00:00"
"3752","2010-10-24 00:00:00"
"7407","2010-10-25 00:00:00"
"7819","2010-10-26 00:00:00"
"8297","2010-10-27 00:00:00"
"7972","2010-10-28 00:00:00"
"7321","2010-10-29 00:00:00"
"3849","2010-10-30 00:00:00"
"3936","2010-10-31 00:00:00"
"7018","2010-11-01 00:00:00"
"7775","2010-11-02 00:00:00"
"8243","2010-11-03 00:00:00"
"8226","2010-11-04 00:00:00"
"7441","2010-11-05 00:00:00"
"3978","2010-11-06 00:00:00"
"3888","2010-11-07 00:00:00"
"7589","2010-11-08 00:00:00"
"9229","2010-11-09 00:00:00"
"8858","2010-11-10 00:00:00"
"8703","2010-11-11 00:00:00"
"8161","2010-11-12 00:00:00"
"4486","2010-11-13 00:00:00"
"4305","2010-11-14 00:00:00"
"8165","2010-11-15 00:00:00"
"8735","2010-11-16 00:00:00"
"8753","2010-11-17 00:00:00"
"8955","2010-11-18 00:00:00"
"8224","2010-11-19 00:00:00"
"4431","2010-11-20 00:00:00"
"4649","2010-11-21 00:00:00"
"8867","2010-11-22 00:00:00"
"9159","2010-11-23 00:00:00"
"8891","2010-11-24 00:00:00"
"7594","2010-11-25 00:00:00"
"6452","2010-11-26 00:00:00"
"4532","2010-11-27 00:00:00"
"4526","2010-11-28 00:00:00"
"7988","2010-11-29 00:00:00"
"9110","2010-11-30 00:00:00"
"8966","2010-12-01 00:00:00"
"9347","2010-12-02 00:00:00"
"8337","2010-12-03 00:00:00"
"4717","2010-12-04 00:00:00"
"4750","2010-12-05 00:00:00"
"8524","2010-12-06 00:00:00"
"9100","2010-12-07 00:00:00"
"8991","2010-12-08 00:00:00"
"9098","2010-12-09 00:00:00"
"8350","2010-12-10 00:00:00"
"4539","2010-12-11 00:00:00"
"4327","2010-12-12 00:00:00"
"8395","2010-12-13 00:00:00"
"9164","2010-12-14 00:00:00"
"9127","2010-12-15 00:00:00"
"8805","2010-12-16 00:00:00"
"7802","2010-12-17 00:00:00"
"4279","2010-12-18 00:00:00"
"4285","2010-12-19 00:00:00"
"7798","2010-12-20 00:00:00"
"8398","2010-12-21 00:00:00"
"8336","2010-12-22 00:00:00"
"7268","2010-12-23 00:00:00"
"4504","2010-12-24 00:00:00"
"2923","2010-12-25 00:00:00"
"3161","2010-12-26 00:00:00"
"5793","2010-12-27 00:00:00"
"6598","2010-12-28 00:00:00"
"7132","2010-12-29 00:00:00"
"7024","2010-12-30 00:00:00"
"4705","2010-12-31 00:00:00"
"3126","2011-01-01 00:00:00"
"4148","2011-01-02 00:00:00"
"7099","2011-01-03 00:00:00"
"8782","2011-01-04 00:00:00"
"9292","2011-01-05 00:00:00"
"9301","2011-01-06 00:00:00"
"8726","2011-01-07 00:00:00"
"4682","2011-01-08 00:00:00"
"5003","2011-01-09 00:00:00"
"8852","2011-01-10 00:00:00"
"9684","2011-01-11 00:00:00"
"9927","2011-01-12 00:00:00"
"9862","2011-01-13 00:00:00"
"9090","2011-01-14 00:00:00"
"4986","2011-01-15 00:00:00"
"5280","2011-01-16 00:00:00"
"8996","2011-01-17 00:00:00"
"9637","2011-01-18 00:00:00"
"10177","2011-01-19 00:00:00"
"10348","2011-01-20 00:00:00"
"9504","2011-01-21 00:00:00"
"5472","2011-01-22 00:00:00"
"5193","2011-01-23 00:00:00"
"9634","2011-01-24 00:00:00"
"10020","2011-01-25 00:00:00"
"9808","2011-01-26 00:00:00"
"10217","2011-01-27 00:00:00"
"9359","2011-01-28 00:00:00"
"5187","2011-01-29 00:00:00"
"5330","2011-01-30 00:00:00"
"9635","2011-01-31 00:00:00"
"10186","2011-02-01 00:00:00"
"10403","2011-02-02 00:00:00"
"10312","2011-02-03 00:00:00"
"9499","2011-02-04 00:00:00"
"5557","2011-02-05 00:00:00"
"5666","2011-02-06 00:00:00"
"9555","2011-02-07 00:00:00"
"10160","2011-02-08 00:00:00"
"10515","2011-02-09 00:00:00"
"10562","2011-02-10 00:00:00"
"9610","2011-02-11 00:00:00"
"5370","2011-02-12 00:00:00"
"5453","2011-02-13 00:00:00"
"9515","2011-02-14 00:00:00"
"10568","2011-02-15 00:00:00"
"11062","2011-02-16 00:00:00"
"10880","2011-02-17 00:00:00"
"10017","2011-02-18 00:00:00"
"5576","2011-02-19 00:00:00"
"5828","2011-02-20 00:00:00"
"10040","2011-02-21 00:00:00"
"11192","2011-02-22 00:00:00"
"11624","2011-02-23 00:00:00"
"11294","2011-02-24 00:00:00"
"10357","2011-02-25 00:00:00"
"5720","2011-02-26 00:00:00"
"5563","2011-02-27 00:00:00"
"10427","2011-02-28 00:00:00"
"11012","2011-03-01 00:00:00"
"11272","2011-03-02 00:00:00"
"11283","2011-03-03 00:00:00"
"10702","2011-03-04 00:00:00"
"6069","2011-03-05 00:00:00"
"5817","2011-03-06 00:00:00"
"10715","2011-03-07 00:00:00"
"11213","2011-03-08 00:00:00"
"12064","2011-03-09 00:00:00"
"11729","2011-03-10 00:00:00"
"10600","2011-03-11 00:00:00"
"5781","2011-03-12 00:00:00"
"6008","2011-03-13 00:00:00"
"10875","2011-03-14 00:00:00"
"11573","2011-03-15 00:00:00"
"11966","2011-03-16 00:00:00"
"11725","2011-03-17 00:00:00"
"10643","2011-03-18 00:00:00"
"5823","2011-03-19 00:00:00"
"5786","2011-03-20 00:00:00"
"10914","2011-03-21 00:00:00"
"12384","2011-03-22 00:00:00"
"11906","2011-03-23 00:00:00"
"11928","2011-03-24 00:00:00"
"10548","2011-03-25 00:00:00"
"5831","2011-03-26 00:00:00"
"6183","2011-03-27 00:00:00"
"11154","2011-03-28 00:00:00"
"11978","2011-03-29 00:00:00"
"11652","2011-03-30 00:00:00"
"12049","2011-03-31 00:00:00"
"10475","2011-04-01 00:00:00"
"5718","2011-04-02 00:00:00"
"5810","2011-04-03 00:00:00"
"10602","2011-04-04 00:00:00"
"12245","2011-04-05 00:00:00"
"12407","2011-04-06 00:00:00"
"12487","2011-04-07 00:00:00"
"11190","2011-04-08 00:00:00"
"5813","2011-04-09 00:00:00"
"5822","2011-04-10 00:00:00"
"11486","2011-04-11 00:00:00"
"12157","2011-04-12 00:00:00"
"12189","2011-04-13 00:00:00"
"11963","2011-04-14 00:00:00"
"10701","2011-04-15 00:00:00"
"5996","2011-04-16 00:00:00"
"5923","2011-04-17 00:00:00"
"11077","2011-04-18 00:00:00"
"11972","2011-04-19 00:00:00"
"11899","2011-04-20 00:00:00"
"11296","2011-04-21 00:00:00"
"8640","2011-04-22 00:00:00"
"5646","2011-04-23 00:00:00"
"5438","2011-04-24 00:00:00"
"8931","2011-04-25 00:00:00"
"11389","2011-04-26 00:00:00"
"12226","2011-04-27 00:00:00"
"12258","2011-04-28 00:00:00"
"10249","2011-04-29 00:00:00"
"5884","2011-04-30 00:00:00"
"5932","2011-05-01 00:00:00"
"9774","2011-05-02 00:00:00"
"11465","2011-05-03 00:00:00"
"12116","2011-05-04 00:00:00"
"12122","2011-05-05 00:00:00"
"10904","2011-05-06 00:00:00"
"5681","2011-05-07 00:00:00"
"5532","2011-05-08 00:00:00"
"10728","2011-05-09 00:00:00"
"12065","2011-05-10 00:00:00"
"12238","2011-05-11 00:00:00"
"11944","2011-05-12 00:00:00"
"11224","2011-05-13 00:00:00"
"5678","2011-05-14 00:00:00"
"5571","2011-05-15 00:00:00"
"10915","2011-05-16 00:00:00"
"11799","2011-05-17 00:00:00"
"11967","2011-05-18 00:00:00"
"11838","2011-05-19 00:00:00"
"10842","2011-05-20 00:00:00"
"5478","2011-05-21 00:00:00"
"5493","2011-05-22 00:00:00"
"11055","2011-05-23 00:00:00"
"11932","2011-05-24 00:00:00"
"12243","2011-05-25 00:00:00"
"12141","2011-05-26 00:00:00"
"10607","2011-05-27 00:00:00"
"5472","2011-05-28 00:00:00"
"5248","2011-05-29 00:00:00"
"8961","2011-05-30 00:00:00"
"11231","2011-05-31 00:00:00"
"12288","2011-06-01 00:00:00"
"10889","2011-06-02 00:00:00"
"10414","2011-06-03 00:00:00"
"5456","2011-06-04 00:00:00"
"5670","2011-06-05 00:00:00"
"10831","2011-06-06 00:00:00"
"11579","2011-06-07 00:00:00"
"11757","2011-06-08 00:00:00"
"12012","2011-06-09 00:00:00"
"10787","2011-06-10 00:00:00"
"5244","2011-06-11 00:00:00"
"5363","2011-06-12 00:00:00"
"10426","2011-06-13 00:00:00"
"11918","2011-06-14 00:00:00"
"12193","2011-06-15 00:00:00"
"12249","2011-06-16 00:00:00"
"11099","2011-06-17 00:00:00"
"5762","2011-06-18 00:00:00"
"5278","2011-06-19 00:00:00"
"11171","2011-06-20 00:00:00"
"12438","2011-06-21 00:00:00"
"12488","2011-06-22 00:00:00"
"12117","2011-06-23 00:00:00"
"10964","2011-06-24 00:00:00"
"5460","2011-06-25 00:00:00"
"5406","2011-06-26 00:00:00"
"10829","2011-06-27 00:00:00"
"11898","2011-06-28 00:00:00"
"12075","2011-06-29 00:00:00"
"11764","2011-06-30 00:00:00"
"10165","2011-07-01 00:00:00"
"5063","2011-07-02 00:00:00"
"5140","2011-07-03 00:00:00"
"9028","2011-07-04 00:00:00"
"11282","2011-07-05 00:00:00"
"12087","2011-07-06 00:00:00"
"12144","2011-07-07 00:00:00"
"11301","2011-07-08 00:00:00"
"5587","2011-07-09 00:00:00"
"5289","2011-07-10 00:00:00"
"11566","2011-07-11 00:00:00"
"12478","2011-07-12 00:00:00"
"12381","2011-07-13 00:00:00"
"12175","2011-07-14 00:00:00"
"11098","2011-07-15 00:00:00"
"5748","2011-07-16 00:00:00"
"5604","2011-07-17 00:00:00"
"11318","2011-07-18 00:00:00"
"12627","2011-07-19 00:00:00"
"12240","2011-07-20 00:00:00"
"12321","2011-07-21 00:00:00"
"11145","2011-07-22 00:00:00"
"5723","2011-07-23 00:00:00"
"5524","2011-07-24 00:00:00"
"11371","2011-07-25 00:00:00"
"12123","2011-07-26 00:00:00"
"12624","2011-07-27 00:00:00"
"12453","2011-07-28 00:00:00"
"11158","2011-07-29 00:00:00"
"5566","2011-07-30 00:00:00"
"5504","2011-07-31 00:00:00"
"10922","2011-08-01 00:00:00"
"12257","2011-08-02 00:00:00"
"12467","2011-08-03 00:00:00"
"13167","2011-08-04 00:00:00"
"11829","2011-08-05 00:00:00"
"4975","2011-08-06 00:00:00"
"5830","2011-08-07 00:00:00"
"11339","2011-08-08 00:00:00"
"12518","2011-08-09 00:00:00"
"12855","2011-08-10 00:00:00"
"12835","2011-08-11 00:00:00"
"11425","2011-08-12 00:00:00"
"5632","2011-08-13 00:00:00"
"5579","2011-08-14 00:00:00"
"10001","2011-08-15 00:00:00"
"12357","2011-08-16 00:00:00"
"12403","2011-08-17 00:00:00"
"12476","2011-08-18 00:00:00"
"11157","2011-08-19 00:00:00"
"5871","2011-08-20 00:00:00"
"5575","2011-08-21 00:00:00"
"11110","2011-08-22 00:00:00"
"11975","2011-08-23 00:00:00"
"12785","2011-08-24 00:00:00"
"12724","2011-08-25 00:00:00"
"11082","2011-08-26 00:00:00"
"5483","2011-08-27 00:00:00"
"5708","2011-08-28 00:00:00"
"10555","2011-08-29 00:00:00"
"11771","2011-08-30 00:00:00"
"11833","2011-08-31 00:00:00"
"11171","2011-09-01 00:00:00"
"10424","2011-09-02 00:00:00"
"5274","2011-09-03 00:00:00"
"5354","2011-09-04 00:00:00"
"9178","2011-09-05 00:00:00"
"11699","2011-09-06 00:00:00"
"12124","2011-09-07 00:00:00"
"11987","2011-09-08 00:00:00"
"10832","2011-09-09 00:00:00"
"5775","2011-09-10 00:00:00"
"5642","2011-09-11 00:00:00"
"11126","2011-09-12 00:00:00"
"12126","2011-09-13 00:00:00"
"12186","2011-09-14 00:00:00"
"12105","2011-09-15 00:00:00"
"10660","2011-09-16 00:00:00"
"5987","2011-09-17 00:00:00"
"5531","2011-09-18 00:00:00"
"11139","2011-09-19 00:00:00"
"12182","2011-09-20 00:00:00"
"12570","2011-09-21 00:00:00"
"12464","2011-09-22 00:00:00"
"11123","2011-09-23 00:00:00"
"5715","2011-09-24 00:00:00"
"5625","2011-09-25 00:00:00"
"11259","2011-09-26 00:00:00"
"12013","2011-09-27 00:00:00"
"11899","2011-09-28 00:00:00"
"11429","2011-09-29 00:00:00"
"10683","2011-09-30 00:00:00"
"5471","2011-10-01 00:00:00"
"5254","2011-10-02 00:00:00"
"10072","2011-10-03 00:00:00"
"11394","2011-10-04 00:00:00"
"11712","2011-10-05 00:00:00"
"10928","2011-10-06 00:00:00"
"10300","2011-10-07 00:00:00"
"5494","2011-10-08 00:00:00"
"5758","2011-10-09 00:00:00"
"10533","2011-10-10 00:00:00"
"11751","2011-10-11 00:00:00"
"11934","2011-10-12 00:00:00"
"11700","2011-10-13 00:00:00"
"10965","2011-10-14 00:00:00"
"5650","2011-10-15 00:00:00"
"5643","2011-10-16 00:00:00"
"10837","2011-10-17 00:00:00"
"11943","2011-10-18 00:00:00"
"12303","2011-10-19 00:00:00"
"11913","2011-10-20 00:00:00"
"11102","2011-10-21 00:00:00"
"5880","2011-10-22 00:00:00"
"5733","2011-10-23 00:00:00"
"11188","2011-10-24 00:00:00"
"12044","2011-10-25 00:00:00"
"11235","2011-10-26 00:00:00"
"11597","2011-10-27 00:00:00"
"10413","2011-10-28 00:00:00"
"5499","2011-10-29 00:00:00"
"5350","2011-10-30 00:00:00"
"10473","2011-10-31 00:00:00"
"11310","2011-11-01 00:00:00"
"12347","2011-11-02 00:00:00"
"12466","2011-11-03 00:00:00"
"11743","2011-11-04 00:00:00"
"5974","2011-11-05 00:00:00"
"5999","2011-11-06 00:00:00"
"11060","2011-11-07 00:00:00"
"12198","2011-11-08 00:00:00"
"12404","2011-11-09 00:00:00"
"12483","2011-11-10 00:00:00"
"11300","2011-11-11 00:00:00"
"6027","2011-11-12 00:00:00"
"6175","2011-11-13 00:00:00"
"11906","2011-11-14 00:00:00"
"12767","2011-11-15 00:00:00"
"13276","2011-11-16 00:00:00"
"13423","2011-11-17 00:00:00"
"12429","2011-11-18 00:00:00"
"6549","2011-11-19 00:00:00"
"6382","2011-11-20 00:00:00"
"12181","2011-11-21 00:00:00"
"13049","2011-11-22 00:00:00"
"12886","2011-11-23 00:00:00"
"11007","2011-11-24 00:00:00"
"9842","2011-11-25 00:00:00"
"6199","2011-11-26 00:00:00"
"6372","2011-11-27 00:00:00"
"11957","2011-11-28 00:00:00"
"13100","2011-11-29 00:00:00"
"13161","2011-11-30 00:00:00"
"13042","2011-12-01 00:00:00"
"12152","2011-12-02 00:00:00"
"6634","2011-12-03 00:00:00"
"6399","2011-12-04 00:00:00"
"11835","2011-12-05 00:00:00"
"12868","2011-12-06 00:00:00"
"13455","2011-12-07 00:00:00"
"12803","2011-12-08 00:00:00"
"11629","2011-12-09 00:00:00"
"6444","2011-12-10 00:00:00"
"6456","2011-12-11 00:00:00"
"12064","2011-12-12 00:00:00"
"13014","2011-12-13 00:00:00"
"13228","2011-12-14 00:00:00"
"12655","2011-12-15 00:00:00"
"11381","2011-12-16 00:00:00"
"6185","2011-12-17 00:00:00"
"5905","2011-12-18 00:00:00"
"11388","2011-12-19 00:00:00"
"12276","2011-12-20 00:00:00"
"12260","2011-12-21 00:00:00"
"11111","2011-12-22 00:00:00"
"9073","2011-12-23 00:00:00"
"4927","2011-12-24 00:00:00"
"3907","2011-12-25 00:00:00"
"6466","2011-12-26 00:00:00"
"8753","2011-12-27 00:00:00"
"10351","2011-12-28 00:00:00"
"10398","2011-12-29 00:00:00"
"8919","2011-12-30 00:00:00"
"5037","2011-12-31 00:00:00"
"4519","2012-01-01 00:00:00"
"8583","2012-01-02 00:00:00"
"11759","2012-01-03 00:00:00"
"13197","2012-01-04 00:00:00"
"13553","2012-01-05 00:00:00"
"12292","2012-01-06 00:00:00"
"6941","2012-01-07 00:00:00"
"7175","2012-01-08 00:00:00"
"12193","2012-01-09 00:00:00"
"13172","2012-01-10 00:00:00"
"13649","2012-01-11 00:00:00"
"13341","2012-01-12 00:00:00"
"12505","2012-01-13 00:00:00"
"6379","2012-01-14 00:00:00"
"6802","2012-01-15 00:00:00"
"11448","2012-01-16 00:00:00"
"13230","2012-01-17 00:00:00"
"13570","2012-01-18 00:00:00"
"13528","2012-01-19 00:00:00"
"12206","2012-01-20 00:00:00"
"7034","2012-01-21 00:00:00"
"6880","2012-01-22 00:00:00"
"12263","2012-01-23 00:00:00"
"13510","2012-01-24 00:00:00"
"13692","2012-01-25 00:00:00"
"12843","2012-01-26 00:00:00"
"12073","2012-01-27 00:00:00"
"6848","2012-01-28 00:00:00"
"6946","2012-01-29 00:00:00"
"12454","2012-01-30 00:00:00"
"13826","2012-01-31 00:00:00"
"13787","2012-02-01 00:00:00"
"14161","2012-02-02 00:00:00"
"12986","2012-02-03 00:00:00"
"7231","2012-02-04 00:00:00"
"7180","2012-02-05 00:00:00"
"12655","2012-02-06 00:00:00"
"14360","2012-02-07 00:00:00"
"14896","2012-02-08 00:00:00"
"14787","2012-02-09 00:00:00"
"13308","2012-02-10 00:00:00"
"7306","2012-02-11 00:00:00"
"7500","2012-02-12 00:00:00"
"13448","2012-02-13 00:00:00"
"13755","2012-02-14 00:00:00"
"14857","2012-02-15 00:00:00"
"14824","2012-02-16 00:00:00"
"13628","2012-02-17 00:00:00"
"6943","2012-02-18 00:00:00"
"7812","2012-02-19 00:00:00"
"13288","2012-02-20 00:00:00"
"14428","2012-02-21 00:00:00"
"15245","2012-02-22 00:00:00"
"15567","2012-02-23 00:00:00"
"13816","2012-02-24 00:00:00"
"8083","2012-02-25 00:00:00"
"7839","2012-02-26 00:00:00"
"13425","2012-02-27 00:00:00"
"14874","2012-02-28 00:00:00"
"14501","2012-02-29 00:00:00"
"14866","2012-03-01 00:00:00"
"13661","2012-03-02 00:00:00"
"7475","2012-03-03 00:00:00"
"7700","2012-03-04 00:00:00"
"13542","2012-03-05 00:00:00"
"15166","2012-03-06 00:00:00"
"14668","2012-03-07 00:00:00"
"13511","2012-03-08 00:00:00"
"13213","2012-03-09 00:00:00"
"7377","2012-03-10 00:00:00"
"7538","2012-03-11 00:00:00"
"13829","2012-03-12 00:00:00"
"14902","2012-03-13 00:00:00"
"15223","2012-03-14 00:00:00"
"15060","2012-03-15 00:00:00"
"13518","2012-03-16 00:00:00"
"7490","2012-03-17 00:00:00"
"7207","2012-03-18 00:00:00"
"13813","2012-03-19 00:00:00"
"14477","2012-03-20 00:00:00"
"15118","2012-03-21 00:00:00"
"15064","2012-03-22 00:00:00"
"13304","2012-03-23 00:00:00"
"7497","2012-03-24 00:00:00"
"7017","2012-03-25 00:00:00"
"13837","2012-03-26 00:00:00"
"15046","2012-03-27 00:00:00"
"15078","2012-03-28 00:00:00"
"15211","2012-03-29 00:00:00"
"13918","2012-03-30 00:00:00"
"7569","2012-03-31 00:00:00"
"7317","2012-04-01 00:00:00"
"13476","2012-04-02 00:00:00"
"15078","2012-04-03 00:00:00"
"15121","2012-04-04 00:00:00"
"14031","2012-04-05 00:00:00"
"10784","2012-04-06 00:00:00"
"7450","2012-04-07 00:00:00"
"6953","2012-04-08 00:00:00"
"11665","2012-04-09 00:00:00"
"14178","2012-04-10 00:00:00"
"14848","2012-04-11 00:00:00"
"15120","2012-04-12 00:00:00"
"13762","2012-04-13 00:00:00"
"7206","2012-04-14 00:00:00"
"7482","2012-04-15 00:00:00"
"13551","2012-04-16 00:00:00"
"14738","2012-04-17 00:00:00"
"16045","2012-04-18 00:00:00"
"15808","2012-04-19 00:00:00"
"13848","2012-04-20 00:00:00"
"7675","2012-04-21 00:00:00"
"7743","2012-04-22 00:00:00"
"14070","2012-04-23 00:00:00"
"14938","2012-04-24 00:00:00"
"15137","2012-04-25 00:00:00"
"14777","2012-04-26 00:00:00"
"13706","2012-04-27 00:00:00"
"7747","2012-04-28 00:00:00"
"7146","2012-04-29 00:00:00"
"12551","2012-04-30 00:00:00"
"11809","2012-05-01 00:00:00"
"14760","2012-05-02 00:00:00"
"14795","2012-05-03 00:00:00"
"14097","2012-05-04 00:00:00"
"7836","2012-05-05 00:00:00"
"7000","2012-05-06 00:00:00"
"12799","2012-05-07 00:00:00"
"14700","2012-05-08 00:00:00"
"14710","2012-05-09 00:00:00"
"15162","2012-05-10 00:00:00"
"13781","2012-05-11 00:00:00"
"7064","2012-05-12 00:00:00"
"6592","2012-05-13 00:00:00"
"13704","2012-05-14 00:00:00"
"14963","2012-05-15 00:00:00"
"14913","2012-05-16 00:00:00"
"14029","2012-05-17 00:00:00"
"13406","2012-05-18 00:00:00"
"7173","2012-05-19 00:00:00"
"7005","2012-05-20 00:00:00"
"13248","2012-05-21 00:00:00"
"14853","2012-05-22 00:00:00"
"15031","2012-05-23 00:00:00"
"14512","2012-05-24 00:00:00"
"13174","2012-05-25 00:00:00"
"6758","2012-05-26 00:00:00"
"6346","2012-05-27 00:00:00"
"11300","2012-05-28 00:00:00"
"14059","2012-05-29 00:00:00"
"14829","2012-05-30 00:00:00"
"14411","2012-05-31 00:00:00"
"13453","2012-06-01 00:00:00"
"6870","2012-06-02 00:00:00"
"6758","2012-06-03 00:00:00"
"12539","2012-06-04 00:00:00"
"14038","2012-06-05 00:00:00"
"14603","2012-06-06 00:00:00"
"14763","2012-06-07 00:00:00"
"13333","2012-06-08 00:00:00"
"6788","2012-06-09 00:00:00"
"6554","2012-06-10 00:00:00"
"13178","2012-06-11 00:00:00"
"14587","2012-06-12 00:00:00"
"15587","2012-06-13 00:00:00"
"15058","2012-06-14 00:00:00"
"14072","2012-06-15 00:00:00"
"6989","2012-06-16 00:00:00"
"6600","2012-06-17 00:00:00"
"14183","2012-06-18 00:00:00"
"15353","2012-06-19 00:00:00"
"15581","2012-06-20 00:00:00"
"15689","2012-06-21 00:00:00"
"14264","2012-06-22 00:00:00"
"6985","2012-06-23 00:00:00"
"6853","2012-06-24 00:00:00"
"14072","2012-06-25 00:00:00"
"15691","2012-06-26 00:00:00"
"15823","2012-06-27 00:00:00"
"15170","2012-06-28 00:00:00"
"13288","2012-06-29 00:00:00"
"6905","2012-06-30 00:00:00"
"6684","2012-07-01 00:00:00"
"13606","2012-07-02 00:00:00"
"15163","2012-07-03 00:00:00"
"13017","2012-07-04 00:00:00"
"14806","2012-07-05 00:00:00"
"14327","2012-07-06 00:00:00"
"7223","2012-07-07 00:00:00"
"6823","2012-07-08 00:00:00"
"14387","2012-07-09 00:00:00"
"15796","2012-07-10 00:00:00"
"16437","2012-07-11 00:00:00"
"16043","2012-07-12 00:00:00"
"14525","2012-07-13 00:00:00"
"7067","2012-07-14 00:00:00"
"6940","2012-07-15 00:00:00"
"14790","2012-07-16 00:00:00"
"15192","2012-07-17 00:00:00"
"16337","2012-07-18 00:00:00"
"15952","2012-07-19 00:00:00"
"14520","2012-07-20 00:00:00"
"6963","2012-07-21 00:00:00"
"6978","2012-07-22 00:00:00"
"14507","2012-07-23 00:00:00"
"15801","2012-07-24 00:00:00"
"16281","2012-07-25 00:00:00"
"16172","2012-07-26 00:00:00"
"14675","2012-07-27 00:00:00"
"7235","2012-07-28 00:00:00"
"7049","2012-07-29 00:00:00"
"14593","2012-07-30 00:00:00"
"16315","2012-07-31 00:00:00"
"15531","2012-08-01 00:00:00"
"15403","2012-08-02 00:00:00"
"14546","2012-08-03 00:00:00"
"6807","2012-08-04 00:00:00"
"6900","2012-08-05 00:00:00"
"13805","2012-08-06 00:00:00"
"15328","2012-08-07 00:00:00"
"16071","2012-08-08 00:00:00"
"15641","2012-08-09 00:00:00"
"14293","2012-08-10 00:00:00"
"6590","2012-08-11 00:00:00"
"6863","2012-08-12 00:00:00"
"14251","2012-08-13 00:00:00"
"15568","2012-08-14 00:00:00"
"13915","2012-08-15 00:00:00"
"15133","2012-08-16 00:00:00"
"13844","2012-08-17 00:00:00"
"7259","2012-08-18 00:00:00"
"6504","2012-08-19 00:00:00"
"13391","2012-08-20 00:00:00"
"14966","2012-08-21 00:00:00"
"15328","2012-08-22 00:00:00"
"15483","2012-08-23 00:00:00"
"13780","2012-08-24 00:00:00"
"7161","2012-08-25 00:00:00"
"6956","2012-08-26 00:00:00"
"13637","2012-08-27 00:00:00"
"15067","2012-08-28 00:00:00"
"15803","2012-08-29 00:00:00"
"16047","2012-08-30 00:00:00"
"13982","2012-08-31 00:00:00"
"7069","2012-09-01 00:00:00"
"6876","2012-09-02 00:00:00"
"12036","2012-09-03 00:00:00"
"14669","2012-09-04 00:00:00"
"15348","2012-09-05 00:00:00"
"15639","2012-09-06 00:00:00"
"14127","2012-09-07 00:00:00"
"7171","2012-09-08 00:00:00"
"7094","2012-09-09 00:00:00"
"14168","2012-09-10 00:00:00"
"15400","2012-09-11 00:00:00"
"15039","2012-09-12 00:00:00"
"15700","2012-09-13 00:00:00"
"14043","2012-09-14 00:00:00"
"6598","2012-09-15 00:00:00"
"6879","2012-09-16 00:00:00"
"14191","2012-09-17 00:00:00"
"15046","2012-09-18 00:00:00"
"14777","2012-09-19 00:00:00"
"15121","2012-09-20 00:00:00"
"14135","2012-09-21 00:00:00"
"7519","2012-09-22 00:00:00"
"7132","2012-09-23 00:00:00"
"14306","2012-09-24 00:00:00"
"15197","2012-09-25 00:00:00"
"16160","2012-09-26 00:00:00"
"16395","2012-09-27 00:00:00"
"14130","2012-09-28 00:00:00"
"7156","2012-09-29 00:00:00"
"7017","2012-09-30 00:00:00"
"13747","2012-10-01 00:00:00"
"14650","2012-10-02 00:00:00"
"15310","2012-10-03 00:00:00"
"15857","2012-10-04 00:00:00"
"14710","2012-10-05 00:00:00"
"7861","2012-10-06 00:00:00"
"7404","2012-10-07 00:00:00"
"14012","2012-10-08 00:00:00"
"15702","2012-10-09 00:00:00"
"16598","2012-10-10 00:00:00"
"16760","2012-10-11 00:00:00"
"15205","2012-10-12 00:00:00"
"7843","2012-10-13 00:00:00"
"7858","2012-10-14 00:00:00"
"14862","2012-10-15 00:00:00"
"16282","2012-10-16 00:00:00"
"16742","2012-10-17 00:00:00"
"16818","2012-10-18 00:00:00"
"15433","2012-10-19 00:00:00"
"8097","2012-10-20 00:00:00"
"8088","2012-10-21 00:00:00"
"15287","2012-10-22 00:00:00"
"16168","2012-10-23 00:00:00"
"15549","2012-10-24 00:00:00"
"16262","2012-10-25 00:00:00"
"14080","2012-10-26 00:00:00"
"7759","2012-10-27 00:00:00"
"7470","2012-10-28 00:00:00"
"14164","2012-10-29 00:00:00"
"14826","2012-10-30 00:00:00"
"15668","2012-10-31 00:00:00"
"15134","2012-11-01 00:00:00"
"14425","2012-11-02 00:00:00"
"8262","2012-11-03 00:00:00"
"7968","2012-11-04 00:00:00"
"15056","2012-11-05 00:00:00"
"15723","2012-11-06 00:00:00"
"15741","2012-11-07 00:00:00"
"16346","2012-11-08 00:00:00"
"14715","2012-11-09 00:00:00"
"7853","2012-11-10 00:00:00"
"7861","2012-11-11 00:00:00"
"14008","2012-11-12 00:00:00"
"14600","2012-11-13 00:00:00"
"15696","2012-11-14 00:00:00"
"15982","2012-11-15 00:00:00"
"14844","2012-11-16 00:00:00"
"8139","2012-11-17 00:00:00"
"8188","2012-11-18 00:00:00"
"15603","2012-11-19 00:00:00"
"16504","2012-11-20 00:00:00"
"16454","2012-11-21 00:00:00"
"14594","2012-11-22 00:00:00"
"12846","2012-11-23 00:00:00"
"8124","2012-11-24 00:00:00"
"8318","2012-11-25 00:00:00"
"15206","2012-11-26 00:00:00"
"16659","2012-11-27 00:00:00"
"17604","2012-11-28 00:00:00"
"16963","2012-11-29 00:00:00"
"15011","2012-11-30 00:00:00"
"8327","2012-12-01 00:00:00"
"8548","2012-12-02 00:00:00"
"15266","2012-12-03 00:00:00"
"16755","2012-12-04 00:00:00"
"17251","2012-12-05 00:00:00"
"16638","2012-12-06 00:00:00"
"15035","2012-12-07 00:00:00"
"8515","2012-12-08 00:00:00"
"8305","2012-12-09 00:00:00"
"14977","2012-12-10 00:00:00"
"16016","2012-12-11 00:00:00"
"16888","2012-12-12 00:00:00"
"16516","2012-12-13 00:00:00"
"14201","2012-12-14 00:00:00"
"7671","2012-12-15 00:00:00"
"7653","2012-12-16 00:00:00"
"14324","2012-12-17 00:00:00"
"15825","2012-12-18 00:00:00"
"16573","2012-12-19 00:00:00"
"15801","2012-12-20 00:00:00"
"13525","2012-12-21 00:00:00"
"7257","2012-12-22 00:00:00"
"6586","2012-12-23 00:00:00"
"8972","2012-12-24 00:00:00"
"6693","2012-12-25 00:00:00"
"10472","2012-12-26 00:00:00"
"12542","2012-12-27 00:00:00"
"11884","2012-12-28 00:00:00"
"7995","2012-12-29 00:00:00"
"7297","2012-12-30 00:00:00"
"8978","2012-12-31 00:00:00"
"7019","2013-01-01 00:00:00"
"12879","2013-01-02 00:00:00"
"14879","2013-01-03 00:00:00"
"14626","2013-01-04 00:00:00"
"8860","2013-01-05 00:00:00"
"8416","2013-01-06 00:00:00"
"14882","2013-01-07 00:00:00"
"16531","2013-01-08 00:00:00"
"16837","2013-01-09 00:00:00"
"17046","2013-01-10 00:00:00"
"15958","2013-01-11 00:00:00"
"8780","2013-01-12 00:00:00"
"8490","2013-01-13 00:00:00"
"14329","2013-01-14 00:00:00"
"16742","2013-01-15 00:00:00"
"17258","2013-01-16 00:00:00"
"16733","2013-01-17 00:00:00"
"15874","2013-01-18 00:00:00"
"8626","2013-01-19 00:00:00"
"8509","2013-01-20 00:00:00"
"15132","2013-01-21 00:00:00"
"17283","2013-01-22 00:00:00"
"17655","2013-01-23 00:00:00"
"17736","2013-01-24 00:00:00"
"15798","2013-01-25 00:00:00"
"8810","2013-01-26 00:00:00"
"8850","2013-01-27 00:00:00"
"16178","2013-01-28 00:00:00"
"17188","2013-01-29 00:00:00"
"17941","2013-01-30 00:00:00"
"17505","2013-01-31 00:00:00"
"16264","2013-02-01 00:00:00"
"8848","2013-02-02 00:00:00"
"8909","2013-02-03 00:00:00"
"15783","2013-02-04 00:00:00"
"17542","2013-02-05 00:00:00"
"18037","2013-02-06 00:00:00"
"18266","2013-02-07 00:00:00"
"16491","2013-02-08 00:00:00"
"7966","2013-02-09 00:00:00"
"9047","2013-02-10 00:00:00"
"15666","2013-02-11 00:00:00"
"17179","2013-02-12 00:00:00"
"17614","2013-02-13 00:00:00"
"17052","2013-02-14 00:00:00"
"15697","2013-02-15 00:00:00"
"9130","2013-02-16 00:00:00"
"8965","2013-02-17 00:00:00"
"16203","2013-02-18 00:00:00"
"18330","2013-02-19 00:00:00"
"18371","2013-02-20 00:00:00"
"18307","2013-02-21 00:00:00"
"17081","2013-02-22 00:00:00"
"9691","2013-02-23 00:00:00"
"8934","2013-02-24 00:00:00"
"16854","2013-02-25 00:00:00"
"18645","2013-02-26 00:00:00"
"18906","2013-02-27 00:00:00"
"18912","2013-02-28 00:00:00"
"17006","2013-03-01 00:00:00"
"9612","2013-03-02 00:00:00"
"9363","2013-03-03 00:00:00"
"16980","2013-03-04 00:00:00"
"18723","2013-03-05 00:00:00"
"19656","2013-03-06 00:00:00"
"19290","2013-03-07 00:00:00"
"17113","2013-03-08 00:00:00"
"9547","2013-03-09 00:00:00"
"9579","2013-03-10 00:00:00"
"17461","2013-03-11 00:00:00"
"19300","2013-03-12 00:00:00"
"19534","2013-03-13 00:00:00"
"19220","2013-03-14 00:00:00"
"17469","2013-03-15 00:00:00"
"9768","2013-03-16 00:00:00"
"9314","2013-03-17 00:00:00"
"17166","2013-03-18 00:00:00"
"19078","2013-03-19 00:00:00"
"19523","2013-03-20 00:00:00"
"18858","2013-03-21 00:00:00"
"17171","2013-03-22 00:00:00"
"9431","2013-03-23 00:00:00"
"9642","2013-03-24 00:00:00"
"17165","2013-03-25 00:00:00"
"18306","2013-03-26 00:00:00"
"18052","2013-03-27 00:00:00"
"18201","2013-03-28 00:00:00"
"14520","2013-03-29 00:00:00"
"9125","2013-03-30 00:00:00"
"8912","2013-03-31 00:00:00"
"14123","2013-04-01 00:00:00"
"18327","2013-04-02 00:00:00"
"19119","2013-04-03 00:00:00"
"18777","2013-04-04 00:00:00"
"17449","2013-04-05 00:00:00"
"9517","2013-04-06 00:00:00"
"9562","2013-04-07 00:00:00"
"17492","2013-04-08 00:00:00"
"18984","2013-04-09 00:00:00"
"19240","2013-04-10 00:00:00"
"17899","2013-04-11 00:00:00"
"17452","2013-04-12 00:00:00"
"9258","2013-04-13 00:00:00"
"9335","2013-04-14 00:00:00"
"16623","2013-04-15 00:00:00"
"18208","2013-04-16 00:00:00"
"18678","2013-04-17 00:00:00"
"18451","2013-04-18 00:00:00"
"16424","2013-04-19 00:00:00"
"9300","2013-04-20 00:00:00"
"8873","2013-04-21 00:00:00"
"17007","2013-04-22 00:00:00"
"18179","2013-04-23 00:00:00"
"18757","2013-04-24 00:00:00"
"18241","2013-04-25 00:00:00"
"16430","2013-04-26 00:00:00"
"8977","2013-04-27 00:00:00"
"9105","2013-04-28 00:00:00"
"16761","2013-04-29 00:00:00"
"16729","2013-04-30 00:00:00"
"14175","2013-05-01 00:00:00"
"17248","2013-05-02 00:00:00"
"15894","2013-05-03 00:00:00"
"8687","2013-05-04 00:00:00"
"8275","2013-05-05 00:00:00"
"15109","2013-05-06 00:00:00"
"17280","2013-05-07 00:00:00"
"17513","2013-05-08 00:00:00"
"16799","2013-05-09 00:00:00"
"15518","2013-05-10 00:00:00"
"8370","2013-05-11 00:00:00"
"8336","2013-05-12 00:00:00"
"15915","2013-05-13 00:00:00"
"17498","2013-05-14 00:00:00"
"18020","2013-05-15 00:00:00"
"18131","2013-05-16 00:00:00"
"16193","2013-05-17 00:00:00"
"8740","2013-05-18 00:00:00"
"8447","2013-05-19 00:00:00"
"15439","2013-05-20 00:00:00"
"17390","2013-05-21 00:00:00"
"17815","2013-05-22 00:00:00"
"18075","2013-05-23 00:00:00"
"15654","2013-05-24 00:00:00"
"7880","2013-05-25 00:00:00"
"7823","2013-05-26 00:00:00"
"13897","2013-05-27 00:00:00"
"17337","2013-05-28 00:00:00"
"18266","2013-05-29 00:00:00"
"17766","2013-05-30 00:00:00"
"16219","2013-05-31 00:00:00"
"8682","2013-06-01 00:00:00"
"7982","2013-06-02 00:00:00"
"15382","2013-06-03 00:00:00"
"17478","2013-06-04 00:00:00"
"18038","2013-06-05 00:00:00"
"18085","2013-06-06 00:00:00"
"16557","2013-06-07 00:00:00"
"8441","2013-06-08 00:00:00"
"8210","2013-06-09 00:00:00"
"15408","2013-06-10 00:00:00"
"16977","2013-06-11 00:00:00"
"17298","2013-06-12 00:00:00"
"17569","2013-06-13 00:00:00"
"15789","2013-06-14 00:00:00"
"8041","2013-06-15 00:00:00"
"7780","2013-06-16 00:00:00"
"15917","2013-06-17 00:00:00"
"17858","2013-06-18 00:00:00"
"18066","2013-06-19 00:00:00"
"18143","2013-06-20 00:00:00"
"16244","2013-06-21 00:00:00"
"8399","2013-06-22 00:00:00"
"7951","2013-06-23 00:00:00"
"16571","2013-06-24 00:00:00"
"18133","2013-06-25 00:00:00"
"18397","2013-06-26 00:00:00"
"18434","2013-06-27 00:00:00"
"16228","2013-06-28 00:00:00"
"8306","2013-06-29 00:00:00"
"8119","2013-06-30 00:00:00"
"15550","2013-07-01 00:00:00"
"17882","2013-07-02 00:00:00"
"18097","2013-07-03 00:00:00"
"15699","2013-07-04 00:00:00"
"15388","2013-07-05 00:00:00"
"7734","2013-07-06 00:00:00"
"7469","2013-07-07 00:00:00"
"16221","2013-07-08 00:00:00"
"18236","2013-07-09 00:00:00"
"18309","2013-07-10 00:00:00"
"18162","2013-07-11 00:00:00"
"16314","2013-07-12 00:00:00"
"7693","2013-07-13 00:00:00"
"7706","2013-07-14 00:00:00"
"16803","2013-07-15 00:00:00"
"18595","2013-07-16 00:00:00"
"18915","2013-07-17 00:00:00"
"18971","2013-07-18 00:00:00"
"17191","2013-07-19 00:00:00"
"8449","2013-07-20 00:00:00"
"8257","2013-07-21 00:00:00"
"17097","2013-07-22 00:00:00"
"19158","2013-07-23 00:00:00"
"19452","2013-07-24 00:00:00"
"19511","2013-07-25 00:00:00"
"17875","2013-07-26 00:00:00"
"8677","2013-07-27 00:00:00"
"8567","2013-07-28 00:00:00"
"17770","2013-07-29 00:00:00"
"18846","2013-07-30 00:00:00"
"19321","2013-07-31 00:00:00"
"19276","2013-08-01 00:00:00"
"17422","2013-08-02 00:00:00"
"8497","2013-08-03 00:00:00"
"8428","2013-08-04 00:00:00"
"16771","2013-08-05 00:00:00"
"18358","2013-08-06 00:00:00"
"19062","2013-08-07 00:00:00"
"18325","2013-08-08 00:00:00"
"15592","2013-08-09 00:00:00"
"8089","2013-08-10 00:00:00"
"8328","2013-08-11 00:00:00"
"16751","2013-08-12 00:00:00"
"18424","2013-08-13 00:00:00"
"18851","2013-08-14 00:00:00"
"15926","2013-08-15 00:00:00"
"16150","2013-08-16 00:00:00"
"8484","2013-08-17 00:00:00"
"8264","2013-08-18 00:00:00"
"16126","2013-08-19 00:00:00"
"17689","2013-08-20 00:00:00"
"18421","2013-08-21 00:00:00"
"18752","2013-08-22 00:00:00"
"17035","2013-08-23 00:00:00"
"8648","2013-08-24 00:00:00"
"8448","2013-08-25 00:00:00"
"16091","2013-08-26 00:00:00"
"17942","2013-08-27 00:00:00"
"18466","2013-08-28 00:00:00"
"18322","2013-08-29 00:00:00"
"16184","2013-08-30 00:00:00"
"8550","2013-08-31 00:00:00"
"8167","2013-09-01 00:00:00"
"14473","2013-09-02 00:00:00"
"16922","2013-09-03 00:00:00"
"18058","2013-09-04 00:00:00"
"17936","2013-09-05 00:00:00"
"16574","2013-09-06 00:00:00"
"8625","2013-09-07 00:00:00"
"8570","2013-09-08 00:00:00"
"15349","2013-09-09 00:00:00"
"17634","2013-09-10 00:00:00"
"18104","2013-09-11 00:00:00"
"18526","2013-09-12 00:00:00"
"16885","2013-09-13 00:00:00"
"8432","2013-09-14 00:00:00"
"8941","2013-09-15 00:00:00"
"16539","2013-09-16 00:00:00"
"18252","2013-09-17 00:00:00"
"18295","2013-09-18 00:00:00"
"18309","2013-09-19 00:00:00"
"16795","2013-09-20 00:00:00"
"9014","2013-09-21 00:00:00"
"8796","2013-09-22 00:00:00"
"16643","2013-09-23 00:00:00"
"18910","2013-09-24 00:00:00"
"18677","2013-09-25 00:00:00"
"19021","2013-09-26 00:00:00"
"17082","2013-09-27 00:00:00"
"8896","2013-09-28 00:00:00"
"9272","2013-09-29 00:00:00"
"16821","2013-09-30 00:00:00"
"17946","2013-10-01 00:00:00"
"16760","2013-10-02 00:00:00"
"18072","2013-10-03 00:00:00"
"17338","2013-10-04 00:00:00"
"9073","2013-10-05 00:00:00"
"9192","2013-10-06 00:00:00"
"17324","2013-10-07 00:00:00"
"19267","2013-10-08 00:00:00"
"19635","2013-10-09 00:00:00"
"18811","2013-10-10 00:00:00"
"16833","2013-10-11 00:00:00"
"9107","2013-10-12 00:00:00"
"9033","2013-10-13 00:00:00"
"15718","2013-10-14 00:00:00"
"17742","2013-10-15 00:00:00"
"18429","2013-10-16 00:00:00"
"18710","2013-10-17 00:00:00"
"17332","2013-10-18 00:00:00"
"9382","2013-10-19 00:00:00"
"9476","2013-10-20 00:00:00"
"18159","2013-10-21 00:00:00"
"19282","2013-10-22 00:00:00"
"19346","2013-10-23 00:00:00"
"19737","2013-10-24 00:00:00"
"18266","2013-10-25 00:00:00"
"9543","2013-10-26 00:00:00"
"9557","2013-10-27 00:00:00"
"17701","2013-10-28 00:00:00"
"19522","2013-10-29 00:00:00"
"19121","2013-10-30 00:00:00"
"18293","2013-10-31 00:00:00"
"15262","2013-11-01 00:00:00"
"8706","2013-11-02 00:00:00"
"9196","2013-11-03 00:00:00"
"16058","2013-11-04 00:00:00"
"17606","2013-11-05 00:00:00"
"19386","2013-11-06 00:00:00"
"19236","2013-11-07 00:00:00"
"17296","2013-11-08 00:00:00"
"9626","2013-11-09 00:00:00"
"9677","2013-11-10 00:00:00"
"17355","2013-11-11 00:00:00"
"19405","2013-11-12 00:00:00"
"19719","2013-11-13 00:00:00"
"19378","2013-11-14 00:00:00"
"17705","2013-11-15 00:00:00"
"10095","2013-11-16 00:00:00"
"9877","2013-11-17 00:00:00"
"18156","2013-11-18 00:00:00"
"19606","2013-11-19 00:00:00"
"19994","2013-11-20 00:00:00"
"19672","2013-11-21 00:00:00"
"17972","2013-11-22 00:00:00"
"10113","2013-11-23 00:00:00"
"9760","2013-11-24 00:00:00"
"17775","2013-11-25 00:00:00"
"19649","2013-11-26 00:00:00"
"19208","2013-11-27 00:00:00"
"16707","2013-11-28 00:00:00"
"14788","2013-11-29 00:00:00"
"9607","2013-11-30 00:00:00"
"9233","2013-12-01 00:00:00"
"17203","2013-12-02 00:00:00"
"19125","2013-12-03 00:00:00"
"19672","2013-12-04 00:00:00"
"19933","2013-12-05 00:00:00"
"18116","2013-12-06 00:00:00"
"9992","2013-12-07 00:00:00"
"10059","2013-12-08 00:00:00"
"18062","2013-12-09 00:00:00"
"19858","2013-12-10 00:00:00"
"19893","2013-12-11 00:00:00"
"19599","2013-12-12 00:00:00"
"17088","2013-12-13 00:00:00"
"9221","2013-12-14 00:00:00"
"9318","2013-12-15 00:00:00"
"17572","2013-12-16 00:00:00"
"19172","2013-12-17 00:00:00"
"19313","2013-12-18 00:00:00"
"18545","2013-12-19 00:00:00"
"15792","2013-12-20 00:00:00"
"8697","2013-12-21 00:00:00"
"8472","2013-12-22 00:00:00"
"13870","2013-12-23 00:00:00"
"11803","2013-12-24 00:00:00"
"7758","2013-12-25 00:00:00"
"12063","2013-12-26 00:00:00"
"13289","2013-12-27 00:00:00"
"8894","2013-12-28 00:00:00"
"8621","2013-12-29 00:00:00"
"14433","2013-12-30 00:00:00"
"11994","2013-12-31 00:00:00"
"8078","2014-01-01 00:00:00"
"15828","2014-01-02 00:00:00"
"16803","2014-01-03 00:00:00"
"10702","2014-01-04 00:00:00"
"9896","2014-01-05 00:00:00"
"16713","2014-01-06 00:00:00"
"18536","2014-01-07 00:00:00"
"20021","2014-01-08 00:00:00"
"19916","2014-01-09 00:00:00"
"18667","2014-01-10 00:00:00"
"10288","2014-01-11 00:00:00"
"9974","2014-01-12 00:00:00"
"17585","2014-01-13 00:00:00"
"18635","2014-01-14 00:00:00"
"19657","2014-01-15 00:00:00"
"19707","2014-01-16 00:00:00"
"18597","2014-01-17 00:00:00"
"10482","2014-01-18 00:00:00"
"10184","2014-01-19 00:00:00"
"17826","2014-01-20 00:00:00"
"20041","2014-01-21 00:00:00"
"20356","2014-01-22 00:00:00"
"20522","2014-01-23 00:00:00"
"18473","2014-01-24 00:00:00"
"10557","2014-01-25 00:00:00"
"10460","2014-01-26 00:00:00"
"18841","2014-01-27 00:00:00"
"20504","2014-01-28 00:00:00"
"21078","2014-01-29 00:00:00"
"20003","2014-01-30 00:00:00"
"18147","2014-01-31 00:00:00"
"10336","2014-02-01 00:00:00"
"10043","2014-02-02 00:00:00"
"18066","2014-02-03 00:00:00"
"20183","2014-02-04 00:00:00"
"20367","2014-02-05 00:00:00"
"20516","2014-02-06 00:00:00"
"18775","2014-02-07 00:00:00"
"10697","2014-02-08 00:00:00"
"10753","2014-02-09 00:00:00"
"18992","2014-02-10 00:00:00"
"20584","2014-02-11 00:00:00"
"21627","2014-02-12 00:00:00"
"20635","2014-02-13 00:00:00"
"18851","2014-02-14 00:00:00"
"10972","2014-02-15 00:00:00"
"10539","2014-02-16 00:00:00"
"18551","2014-02-17 00:00:00"
"21448","2014-02-18 00:00:00"
"22053","2014-02-19 00:00:00"
"21975","2014-02-20 00:00:00"
"20351","2014-02-21 00:00:00"
"11736","2014-02-22 00:00:00"
"11373","2014-02-23 00:00:00"
"20350","2014-02-24 00:00:00"
"21779","2014-02-25 00:00:00"
"22077","2014-02-26 00:00:00"
"22271","2014-02-27 00:00:00"
"20387","2014-02-28 00:00:00"
"11190","2014-03-01 00:00:00"
"10728","2014-03-02 00:00:00"
"19233","2014-03-03 00:00:00"
"20697","2014-03-04 00:00:00"
"21532","2014-03-05 00:00:00"
"21789","2014-03-06 00:00:00"
"19725","2014-03-07 00:00:00"
"11016","2014-03-08 00:00:00"
"10624","2014-03-09 00:00:00"
"19357","2014-03-10 00:00:00"
"20647","2014-03-11 00:00:00"
"21977","2014-03-12 00:00:00"
"22068","2014-03-13 00:00:00"
"19840","2014-03-14 00:00:00"
"10718","2014-03-15 00:00:00"
"10714","2014-03-16 00:00:00"
"18583","2014-03-17 00:00:00"
"20842","2014-03-18 00:00:00"
"21842","2014-03-19 00:00:00"
"21603","2014-03-20 00:00:00"
"19392","2014-03-21 00:00:00"
"10927","2014-03-22 00:00:00"
"10759","2014-03-23 00:00:00"
"19481","2014-03-24 00:00:00"
"20767","2014-03-25 00:00:00"
"21531","2014-03-26 00:00:00"
"21040","2014-03-27 00:00:00"
"19006","2014-03-28 00:00:00"
"10652","2014-03-29 00:00:00"
"10346","2014-03-30 00:00:00"
"18469","2014-03-31 00:00:00"
"19941","2014-04-01 00:00:00"
"21153","2014-04-02 00:00:00"
"20930","2014-04-03 00:00:00"
"19061","2014-04-04 00:00:00"
"10694","2014-04-05 00:00:00"
"10529","2014-04-06 00:00:00"
"18966","2014-04-07 00:00:00"
"20307","2014-04-08 00:00:00"
"20631","2014-04-09 00:00:00"
"20277","2014-04-10 00:00:00"
"18677","2014-04-11 00:00:00"
"10418","2014-04-12 00:00:00"
"9798","2014-04-13 00:00:00"
"17909","2014-04-14 00:00:00"
"19471","2014-04-15 00:00:00"
"19818","2014-04-16 00:00:00"
"18568","2014-04-17 00:00:00"
"14948","2014-04-18 00:00:00"
"10190","2014-04-19 00:00:00"
"9041","2014-04-20 00:00:00"
"15270","2014-04-21 00:00:00"
"19622","2014-04-22 00:00:00"
"20081","2014-04-23 00:00:00"
"19746","2014-04-24 00:00:00"
"18726","2014-04-25 00:00:00"
"10144","2014-04-26 00:00:00"
"10025","2014-04-27 00:00:00"
"17952","2014-04-28 00:00:00"
"19178","2014-04-29 00:00:00"
"17828","2014-04-30 00:00:00"
"14713","2014-05-01 00:00:00"
"15763","2014-05-02 00:00:00"
"9679","2014-05-03 00:00:00"
"9223","2014-05-04 00:00:00"
"16334","2014-05-05 00:00:00"
"17826","2014-05-06 00:00:00"
"19013","2014-05-07 00:00:00"
"19126","2014-05-08 00:00:00"
"16711","2014-05-09 00:00:00"
"9182","2014-05-10 00:00:00"
"9064","2014-05-11 00:00:00"
"16847","2014-05-12 00:00:00"
"17948","2014-05-13 00:00:00"
"18587","2014-05-14 00:00:00"
"18560","2014-05-15 00:00:00"
"11534","2014-05-16 00:00:00"
"8425","2014-05-17 00:00:00"
"8132","2014-05-18 00:00:00"
"16341","2014-05-19 00:00:00"
"18012","2014-05-20 00:00:00"
"18859","2014-05-21 00:00:00"
"18262","2014-05-22 00:00:00"
"16541","2014-05-23 00:00:00"
"8361","2014-05-24 00:00:00"
"7900","2014-05-25 00:00:00"
"14028","2014-05-26 00:00:00"
"16914","2014-05-27 00:00:00"
"18074","2014-05-28 00:00:00"
"16744","2014-05-29 00:00:00"
"15803","2014-05-30 00:00:00"
"7327","2014-05-31 00:00:00"
"7782","2014-06-01 00:00:00"
"15102","2014-06-02 00:00:00"
"16984","2014-06-03 00:00:00"
"17731","2014-06-04 00:00:00"
"17678","2014-06-05 00:00:00"
"15827","2014-06-06 00:00:00"
"7209","2014-06-07 00:00:00"
"7984","2014-06-08 00:00:00"
"14567","2014-06-09 00:00:00"
"17229","2014-06-10 00:00:00"
"17128","2014-06-11 00:00:00"
"16599","2014-06-12 00:00:00"
"15391","2014-06-13 00:00:00"
"7772","2014-06-14 00:00:00"
"7495","2014-06-15 00:00:00"
"14471","2014-06-16 00:00:00"
"16576","2014-06-17 00:00:00"
"17030","2014-06-18 00:00:00"
"16708","2014-06-19 00:00:00"
"15033","2014-06-20 00:00:00"
"7572","2014-06-21 00:00:00"
"7756","2014-06-22 00:00:00"
"15119","2014-06-23 00:00:00"
"16916","2014-06-24 00:00:00"
"17481","2014-06-25 00:00:00"
"16831","2014-06-26 00:00:00"
"15940","2014-06-27 00:00:00"
"7590","2014-06-28 00:00:00"
"7224","2014-06-29 00:00:00"
"15092","2014-06-30 00:00:00"
"15872","2014-07-01 00:00:00"
"17457","2014-07-02 00:00:00"
"17336","2014-07-03 00:00:00"
"13270","2014-07-04 00:00:00"
"7586","2014-07-05 00:00:00"
"7585","2014-07-06 00:00:00"
"16046","2014-07-07 00:00:00"
"17057","2014-07-08 00:00:00"
"17624","2014-07-09 00:00:00"
"16975","2014-07-10 00:00:00"
"15762","2014-07-11 00:00:00"
"7828","2014-07-12 00:00:00"
"7513","2014-07-13 00:00:00"
"15587","2014-07-14 00:00:00"
"17443","2014-07-15 00:00:00"
"18025","2014-07-16 00:00:00"
"17973","2014-07-17 00:00:00"
"15870","2014-07-18 00:00:00"
"8480","2014-07-19 00:00:00"
"7813","2014-07-20 00:00:00"
"16439","2014-07-21 00:00:00"
"18207","2014-07-22 00:00:00"
"18484","2014-07-23 00:00:00"
"18254","2014-07-24 00:00:00"
"16054","2014-07-25 00:00:00"
"8280","2014-07-26 00:00:00"
"8106","2014-07-27 00:00:00"
"15287","2014-07-28 00:00:00"
"16419","2014-07-29 00:00:00"
"17449","2014-07-30 00:00:00"
"17610","2014-07-31 00:00:00"
"15575","2014-08-01 00:00:00"
"7886","2014-08-02 00:00:00"
"7664","2014-08-03 00:00:00"
"14972","2014-08-04 00:00:00"
"16414","2014-08-05 00:00:00"
"17381","2014-08-06 00:00:00"
"17374","2014-08-07 00:00:00"
"15717","2014-08-08 00:00:00"
"8079","2014-08-09 00:00:00"
"7846","2014-08-10 00:00:00"
"15709","2014-08-11 00:00:00"
"17382","2014-08-12 00:00:00"
"17667","2014-08-13 00:00:00"
"17166","2014-08-14 00:00:00"
"13131","2014-08-15 00:00:00"
"7346","2014-08-16 00:00:00"
"7512","2014-08-17 00:00:00"
"14850","2014-08-18 00:00:00"
"16634","2014-08-19 00:00:00"
"17013","2014-08-20 00:00:00"
"16922","2014-08-21 00:00:00"
"15470","2014-08-22 00:00:00"
"8022","2014-08-23 00:00:00"
"7818","2014-08-24 00:00:00"
"14637","2014-08-25 00:00:00"
"16518","2014-08-26 00:00:00"
"17336","2014-08-27 00:00:00"
"16647","2014-08-28 00:00:00"
"14160","2014-08-29 00:00:00"
"7775","2014-08-30 00:00:00"
"7291","2014-08-31 00:00:00"
"13173","2014-09-01 00:00:00"
"15776","2014-09-02 00:00:00"
"16784","2014-09-03 00:00:00"
"16840","2014-09-04 00:00:00"
"14799","2014-09-05 00:00:00"
"7916","2014-09-06 00:00:00"
"7787","2014-09-07 00:00:00"
"14750","2014-09-08 00:00:00"
"16181","2014-09-09 00:00:00"
"17100","2014-09-10 00:00:00"
"17229","2014-09-11 00:00:00"
"15654","2014-09-12 00:00:00"
"7992","2014-09-13 00:00:00"
"8008","2014-09-14 00:00:00"
"15265","2014-09-15 00:00:00"
"16820","2014-09-16 00:00:00"
"17236","2014-09-17 00:00:00"
"17316","2014-09-18 00:00:00"
"15378","2014-09-19 00:00:00"
"8154","2014-09-20 00:00:00"
"8162","2014-09-21 00:00:00"
"15345","2014-09-22 00:00:00"
"17186","2014-09-23 00:00:00"
"17296","2014-09-24 00:00:00"
"17079","2014-09-25 00:00:00"
"15771","2014-09-26 00:00:00"
"7994","2014-09-27 00:00:00"
"8069","2014-09-28 00:00:00"
"15682","2014-09-29 00:00:00"
"16896","2014-09-30 00:00:00"
"16050","2014-10-01 00:00:00"
"15021","2014-10-02 00:00:00"
"13369","2014-10-03 00:00:00"
"7766","2014-10-04 00:00:00"
"7899","2014-10-05 00:00:00"
"14169","2014-10-06 00:00:00"
"16026","2014-10-07 00:00:00"
"16574","2014-10-08 00:00:00"
"17015","2014-10-09 00:00:00"
"15665","2014-10-10 00:00:00"
"8418","2014-10-11 00:00:00"
"8382","2014-10-12 00:00:00"
"15229","2014-10-13 00:00:00"
"17058","2014-10-14 00:00:00"
"17175","2014-10-15 00:00:00"
"17223","2014-10-16 00:00:00"
"15005","2014-10-17 00:00:00"
"8326","2014-10-18 00:00:00"
"8414","2014-10-19 00:00:00"
"15721","2014-10-20 00:00:00"
"16892","2014-10-21 00:00:00"
"16503","2014-10-22 00:00:00"
"16119","2014-10-23 00:00:00"
"14616","2014-10-24 00:00:00"
"8231","2014-10-25 00:00:00"
"8512","2014-10-26 00:00:00"
"15180","2014-10-27 00:00:00"
"16973","2014-10-28 00:00:00"
"17441","2014-10-29 00:00:00"
"17918","2014-10-30 00:00:00"
"15470","2014-10-31 00:00:00"
"7306","2014-11-01 00:00:00"
"8933","2014-11-02 00:00:00"
"15294","2014-11-03 00:00:00"
"17360","2014-11-04 00:00:00"
"17380","2014-11-05 00:00:00"
"17612","2014-11-06 00:00:00"
"16022","2014-11-07 00:00:00"
"8862","2014-11-08 00:00:00"
"8853","2014-11-09 00:00:00"
"16052","2014-11-10 00:00:00"
"17005","2014-11-11 00:00:00"
"17512","2014-11-12 00:00:00"
"17080","2014-11-13 00:00:00"
"15817","2014-11-14 00:00:00"
"8783","2014-11-15 00:00:00"
"8802","2014-11-16 00:00:00"
"16175","2014-11-17 00:00:00"
"17664","2014-11-18 00:00:00"
"17922","2014-11-19 00:00:00"
"17818","2014-11-20 00:00:00"
"16145","2014-11-21 00:00:00"
"8938","2014-11-22 00:00:00"
"9321","2014-11-23 00:00:00"
"15976","2014-11-24 00:00:00"
"17739","2014-11-25 00:00:00"
"17352","2014-11-26 00:00:00"
"14961","2014-11-27 00:00:00"
"13469","2014-11-28 00:00:00"
"8675","2014-11-29 00:00:00"
"8722","2014-11-30 00:00:00"
"15394","2014-12-01 00:00:00"
"17063","2014-12-02 00:00:00"
"17967","2014-12-03 00:00:00"
"17691","2014-12-04 00:00:00"
"15914","2014-12-05 00:00:00"
"8739","2014-12-06 00:00:00"
"8815","2014-12-07 00:00:00"
"15476","2014-12-08 00:00:00"
"17215","2014-12-09 00:00:00"
"17119","2014-12-10 00:00:00"
"17121","2014-12-11 00:00:00"
"15150","2014-12-12 00:00:00"
"8307","2014-12-13 00:00:00"
"8151","2014-12-14 00:00:00"
"15145","2014-12-15 00:00:00"
"16271","2014-12-16 00:00:00"
"16288","2014-12-17 00:00:00"
"16387","2014-12-18 00:00:00"
"13904","2014-12-19 00:00:00"
"7638","2014-12-20 00:00:00"
"7353","2014-12-21 00:00:00"
"13408","2014-12-22 00:00:00"
"13718","2014-12-23 00:00:00"
"10489","2014-12-24 00:00:00"
"6498","2014-12-25 00:00:00"
"8819","2014-12-26 00:00:00"
"7247","2014-12-27 00:00:00"
"7321","2014-12-28 00:00:00"
"12447","2014-12-29 00:00:00"
"13073","2014-12-30 00:00:00"
"10342","2014-12-31 00:00:00"
"6606","2015-01-01 00:00:00"
"11365","2015-01-02 00:00:00"
"8338","2015-01-03 00:00:00"
"8509","2015-01-04 00:00:00"
"14374","2015-01-05 00:00:00"
"15307","2015-01-06 00:00:00"
"16330","2015-01-07 00:00:00"
"16611","2015-01-08 00:00:00"
"15502","2015-01-09 00:00:00"
"8677","2015-01-10 00:00:00"
"8578","2015-01-11 00:00:00"
"15086","2015-01-12 00:00:00"
"16505","2015-01-13 00:00:00"
"16556","2015-01-14 00:00:00"
"16336","2015-01-15 00:00:00"
"15509","2015-01-16 00:00:00"
"8640","2015-01-17 00:00:00"
"8169","2015-01-18 00:00:00"
"15364","2015-01-19 00:00:00"
"17342","2015-01-20 00:00:00"
"17300","2015-01-21 00:00:00"
"17152","2015-01-22 00:00:00"
"15723","2015-01-23 00:00:00"
"8581","2015-01-24 00:00:00"
"8831","2015-01-25 00:00:00"
"14173","2015-01-26 00:00:00"
"16795","2015-01-27 00:00:00"
"17597","2015-01-28 00:00:00"
"17664","2015-01-29 00:00:00"
"15424","2015-01-30 00:00:00"
"8915","2015-01-31 00:00:00"
"8947","2015-02-01 00:00:00"
"15379","2015-02-02 00:00:00"
"17538","2015-02-03 00:00:00"
"18181","2015-02-04 00:00:00"
"17861","2015-02-05 00:00:00"
"16339","2015-02-06 00:00:00"
"9463","2015-02-07 00:00:00"
"9391","2015-02-08 00:00:00"
"16538","2015-02-09 00:00:00"
"17764","2015-02-10 00:00:00"
"18145","2015-02-11 00:00:00"
"18451","2015-02-12 00:00:00"
"16296","2015-02-13 00:00:00"
"8404","2015-02-14 00:00:00"
"8693","2015-02-15 00:00:00"
"15596","2015-02-16 00:00:00"
"16833","2015-02-17 00:00:00"
"18230","2015-02-18 00:00:00"
"18453","2015-02-19 00:00:00"
"16729","2015-02-20 00:00:00"
"9903","2015-02-21 00:00:00"
"9369","2015-02-22 00:00:00"
"16715","2015-02-23 00:00:00"
"18234","2015-02-24 00:00:00"
"18522","2015-02-25 00:00:00"
"18352","2015-02-26 00:00:00"
"16914","2015-02-27 00:00:00"
"9519","2015-02-28 00:00:00"
"9683","2015-03-01 00:00:00"
"16548","2015-03-02 00:00:00"
"17941","2015-03-03 00:00:00"
"18480","2015-03-04 00:00:00"
"18116","2015-03-05 00:00:00"
"15684","2015-03-06 00:00:00"
"9380","2015-03-07 00:00:00"
"9226","2015-03-08 00:00:00"
"16310","2015-03-09 00:00:00"
"17780","2015-03-10 00:00:00"
"18735","2015-03-11 00:00:00"
"18290","2015-03-12 00:00:00"
"16950","2015-03-13 00:00:00"
"9261","2015-03-14 00:00:00"
"9414","2015-03-15 00:00:00"
"16998","2015-03-16 00:00:00"
"18246","2015-03-17 00:00:00"
"18305","2015-03-18 00:00:00"
"17622","2015-03-19 00:00:00"
"16269","2015-03-20 00:00:00"
"9319","2015-03-21 00:00:00"
"9435","2015-03-22 00:00:00"
"16734","2015-03-23 00:00:00"
"17789","2015-03-24 00:00:00"
"18847","2015-03-25 00:00:00"
"17607","2015-03-26 00:00:00"
"16674","2015-03-27 00:00:00"
"9525","2015-03-28 00:00:00"
"9787","2015-03-29 00:00:00"
"17336","2015-03-30 00:00:00"
"17717","2015-03-31 00:00:00"
"17805","2015-04-01 00:00:00"
"17132","2015-04-02 00:00:00"
"14102","2015-04-03 00:00:00"
"9509","2015-04-04 00:00:00"
"8913","2015-04-05 00:00:00"
"14853","2015-04-06 00:00:00"
"18251","2015-04-07 00:00:00"
"19937","2015-04-08 00:00:00"
"19960","2015-04-09 00:00:00"
"17875","2015-04-10 00:00:00"
"9874","2015-04-11 00:00:00"
"9575","2015-04-12 00:00:00"
"17393","2015-04-13 00:00:00"
"18862","2015-04-14 00:00:00"
"19967","2015-04-15 00:00:00"
"21021","2015-04-16 00:00:00"
"19740","2015-04-17 00:00:00"
"10745","2015-04-18 00:00:00"
"10797","2015-04-19 00:00:00"
"19524","2015-04-20 00:00:00"
"20958","2015-04-21 00:00:00"
"21916","2015-04-22 00:00:00"
"21556","2015-04-23 00:00:00"
"19406","2015-04-24 00:00:00"
"10562","2015-04-25 00:00:00"
"10823","2015-04-26 00:00:00"
"19361","2015-04-27 00:00:00"
"20303","2015-04-28 00:00:00"
"20937","2015-04-29 00:00:00"
"19498","2015-04-30 00:00:00"
"14351","2015-05-01 00:00:00"
"10036","2015-05-02 00:00:00"
"9996","2015-05-03 00:00:00"
"17878","2015-05-04 00:00:00"
"19441","2015-05-05 00:00:00"
"20503","2015-05-06 00:00:00"
"20201","2015-05-07 00:00:00"
"17750","2015-05-08 00:00:00"
"9606","2015-05-09 00:00:00"
"9535","2015-05-10 00:00:00"
"18188","2015-05-11 00:00:00"
"20076","2015-05-12 00:00:00"
"19895","2015-05-13 00:00:00"
"18766","2015-05-14 00:00:00"
"17569","2015-05-15 00:00:00"
"9527","2015-05-16 00:00:00"
"9440","2015-05-17 00:00:00"
"17715","2015-05-18 00:00:00"
"19590","2015-05-19 00:00:00"
"20292","2015-05-20 00:00:00"
"20116","2015-05-21 00:00:00"
"17871","2015-05-22 00:00:00"
"9329","2015-05-23 00:00:00"
"8928","2015-05-24 00:00:00"
"14791","2015-05-25 00:00:00"
"19759","2015-05-26 00:00:00"
"20366","2015-05-27 00:00:00"
"20284","2015-05-28 00:00:00"
"18375","2015-05-29 00:00:00"
"9700","2015-05-30 00:00:00"
"9391","2015-05-31 00:00:00"
"17707","2015-06-01 00:00:00"
"19696","2015-06-02 00:00:00"
"20622","2015-06-03 00:00:00"
"19678","2015-06-04 00:00:00"
"17944","2015-06-05 00:00:00"
"9268","2015-06-06 00:00:00"
"9115","2015-06-07 00:00:00"
"17740","2015-06-08 00:00:00"
"20175","2015-06-09 00:00:00"
"20613","2015-06-10 00:00:00"
"20374","2015-06-11 00:00:00"
"17160","2015-06-12 00:00:00"
"9026","2015-06-13 00:00:00"
"9116","2015-06-14 00:00:00"
"17643","2015-06-15 00:00:00"
"19733","2015-06-16 00:00:00"
"20180","2015-06-17 00:00:00"
"19801","2015-06-18 00:00:00"
"17670","2015-06-19 00:00:00"
"9094","2015-06-20 00:00:00"
"8826","2015-06-21 00:00:00"
"17746","2015-06-22 00:00:00"
"19912","2015-06-23 00:00:00"
"20144","2015-06-24 00:00:00"
"19937","2015-06-25 00:00:00"
"17883","2015-06-26 00:00:00"
"9140","2015-06-27 00:00:00"
"9429","2015-06-28 00:00:00"
"17979","2015-06-29 00:00:00"
"19428","2015-06-30 00:00:00"
"19489","2015-07-01 00:00:00"
"19386","2015-07-02 00:00:00"
"16101","2015-07-03 00:00:00"
"8796","2015-07-04 00:00:00"
"8380","2015-07-05 00:00:00"
"18143","2015-07-06 00:00:00"
"20070","2015-07-07 00:00:00"
"20712","2015-07-08 00:00:00"
"20812","2015-07-09 00:00:00"
"18349","2015-07-10 00:00:00"
"9144","2015-07-11 00:00:00"
"8986","2015-07-12 00:00:00"
"18243","2015-07-13 00:00:00"
"20140","2015-07-14 00:00:00"
"20254","2015-07-15 00:00:00"
"19697","2015-07-16 00:00:00"
"16920","2015-07-17 00:00:00"
"8544","2015-07-18 00:00:00"
"8819","2015-07-19 00:00:00"
"17630","2015-07-20 00:00:00"
"19856","2015-07-21 00:00:00"
"20728","2015-07-22 00:00:00"
"20501","2015-07-23 00:00:00"
"18180","2015-07-24 00:00:00"
"9063","2015-07-25 00:00:00"
"9144","2015-07-26 00:00:00"
"18584","2015-07-27 00:00:00"
"20274","2015-07-28 00:00:00"
"20667","2015-07-29 00:00:00"
"19376","2015-07-30 00:00:00"
"17732","2015-07-31 00:00:00"
"8703","2015-08-01 00:00:00"
"8680","2015-08-02 00:00:00"
"17625","2015-08-03 00:00:00"
"19270","2015-08-04 00:00:00"
"19801","2015-08-05 00:00:00"
"19548","2015-08-06 00:00:00"
"17336","2015-08-07 00:00:00"
"8637","2015-08-08 00:00:00"
"8536","2015-08-09 00:00:00"
"17721","2015-08-10 00:00:00"
"19466","2015-08-11 00:00:00"
"19734","2015-08-12 00:00:00"
"19572","2015-08-13 00:00:00"
"16747","2015-08-14 00:00:00"
"8580","2015-08-15 00:00:00"
"8780","2015-08-16 00:00:00"
"17182","2015-08-17 00:00:00"
"19405","2015-08-18 00:00:00"
"19604","2015-08-19 00:00:00"
"19486","2015-08-20 00:00:00"
"17616","2015-08-21 00:00:00"
"9099","2015-08-22 00:00:00"
"9182","2015-08-23 00:00:00"
"17570","2015-08-24 00:00:00"
"19153","2015-08-25 00:00:00"
"19308","2015-08-26 00:00:00"
"19390","2015-08-27 00:00:00"
"17025","2015-08-28 00:00:00"
"8746","2015-08-29 00:00:00"
"8700","2015-08-30 00:00:00"
"16207","2015-08-31 00:00:00"
"18000","2015-09-01 00:00:00"
"18935","2015-09-02 00:00:00"
"18887","2015-09-03 00:00:00"
"16866","2015-09-04 00:00:00"
"8823","2015-09-05 00:00:00"
"8942","2015-09-06 00:00:00"
"15057","2015-09-07 00:00:00"
"18153","2015-09-08 00:00:00"
"18509","2015-09-09 00:00:00"
"19030","2015-09-10 00:00:00"
"17178","2015-09-11 00:00:00"
"9221","2015-09-12 00:00:00"
"8881","2015-09-13 00:00:00"
"16770","2015-09-14 00:00:00"
"18479","2015-09-15 00:00:00"
"19614","2015-09-16 00:00:00"
"17988","2015-09-17 00:00:00"
"17739","2015-09-18 00:00:00"
"9648","2015-09-19 00:00:00"
"9224","2015-09-20 00:00:00"
"17535","2015-09-21 00:00:00"
"19188","2015-09-22 00:00:00"
"18685","2015-09-23 00:00:00"
"18114","2015-09-24 00:00:00"
"16341","2015-09-25 00:00:00"
"9145","2015-09-26 00:00:00"
"8929","2015-09-27 00:00:00"
"16378","2015-09-28 00:00:00"
"18658","2015-09-29 00:00:00"
"18227","2015-09-30 00:00:00"
"17875","2015-10-01 00:00:00"
"15930","2015-10-02 00:00:00"
"9223","2015-10-03 00:00:00"
"8934","2015-10-04 00:00:00"
"16735","2015-10-05 00:00:00"
"18362","2015-10-06 00:00:00"
"19363","2015-10-07 00:00:00"
"19888","2015-10-08 00:00:00"
"17695","2015-10-09 00:00:00"
"9425","2015-10-10 00:00:00"
"9232","2015-10-11 00:00:00"
"17193","2015-10-12 00:00:00"
"18964","2015-10-13 00:00:00"
"19615","2015-10-14 00:00:00"
"19226","2015-10-15 00:00:00"
"17454","2015-10-16 00:00:00"
"9597","2015-10-17 00:00:00"
"9569","2015-10-18 00:00:00"
"17731","2015-10-19 00:00:00"
"19302","2015-10-20 00:00:00"
"18856","2015-10-21 00:00:00"
"18185","2015-10-22 00:00:00"
"17137","2015-10-23 00:00:00"
"9571","2015-10-24 00:00:00"
"9720","2015-10-25 00:00:00"
"17772","2015-10-26 00:00:00"
"19382","2015-10-27 00:00:00"
"19438","2015-10-28 00:00:00"
"19416","2015-10-29 00:00:00"
"16619","2015-10-30 00:00:00"
"9272","2015-10-31 00:00:00"
"8929","2015-11-01 00:00:00"
"17081","2015-11-02 00:00:00"
"18641","2015-11-03 00:00:00"
"19255","2015-11-04 00:00:00"
"19236","2015-11-05 00:00:00"
"17192","2015-11-06 00:00:00"
"9748","2015-11-07 00:00:00"
"9362","2015-11-08 00:00:00"
"16652","2015-11-09 00:00:00"
"18092","2015-11-10 00:00:00"
"17066","2015-11-11 00:00:00"
"18196","2015-11-12 00:00:00"
"16841","2015-11-13 00:00:00"
"9346","2015-11-14 00:00:00"
"9681","2015-11-15 00:00:00"
"17069","2015-11-16 00:00:00"
"18978","2015-11-17 00:00:00"
"19848","2015-11-18 00:00:00"
"20103","2015-11-19 00:00:00"
"18043","2015-11-20 00:00:00"
"9878","2015-11-21 00:00:00"
"9637","2015-11-22 00:00:00"
"17876","2015-11-23 00:00:00"
"19597","2015-11-24 00:00:00"
"18739","2015-11-25 00:00:00"
"16945","2015-11-26 00:00:00"
"14673","2015-11-27 00:00:00"
"9530","2015-11-28 00:00:00"
"9689","2015-11-29 00:00:00"
"17156","2015-11-30 00:00:00"
"18738","2015-12-01 00:00:00"
"19248","2015-12-02 00:00:00"
"19586","2015-12-03 00:00:00"
"17587","2015-12-04 00:00:00"
"9776","2015-12-05 00:00:00"
"9886","2015-12-06 00:00:00"
"17735","2015-12-07 00:00:00"
"19141","2015-12-08 00:00:00"
"19288","2015-12-09 00:00:00"
"19021","2015-12-10 00:00:00"
"17399","2015-12-11 00:00:00"
"9888","2015-12-12 00:00:00"
"9470","2015-12-13 00:00:00"
"17491","2015-12-14 00:00:00"
"19256","2015-12-15 00:00:00"
"19085","2015-12-16 00:00:00"
"18496","2015-12-17 00:00:00"
"16211","2015-12-18 00:00:00"
"8975","2015-12-19 00:00:00"
"8729","2015-12-20 00:00:00"
"16067","2015-12-21 00:00:00"
"16828","2015-12-22 00:00:00"
"15981","2015-12-23 00:00:00"
"11188","2015-12-24 00:00:00"
"6994","2015-12-25 00:00:00"
"7241","2015-12-26 00:00:00"
"8063","2015-12-27 00:00:00"
"13626","2015-12-28 00:00:00"
"15500","2015-12-29 00:00:00"
"15115","2015-12-30 00:00:00"
"11143","2015-12-31 00:00:00"
"7162","2016-01-01 00:00:00"
"8678","2016-01-02 00:00:00"
"9134","2016-01-03 00:00:00"
"15873","2016-01-04 00:00:00"
"17909","2016-01-05 00:00:00"
"18283","2016-01-06 00:00:00"
"18692","2016-01-07 00:00:00"
"17309","2016-01-08 00:00:00"
"10121","2016-01-09 00:00:00"
"9847","2016-01-10 00:00:00"
"17712","2016-01-11 00:00:00"
"19252","2016-01-12 00:00:00"
"19723","2016-01-13 00:00:00"
"19195","2016-01-14 00:00:00"
"16805","2016-01-15 00:00:00"
"9619","2016-01-16 00:00:00"
"9825","2016-01-17 00:00:00"
"17536","2016-01-18 00:00:00"
"19168","2016-01-19 00:00:00"
"20088","2016-01-20 00:00:00"
"19998","2016-01-21 00:00:00"
"17979","2016-01-22 00:00:00"
"10438","2016-01-23 00:00:00"
"10496","2016-01-24 00:00:00"
"18226","2016-01-25 00:00:00"
"18281","2016-01-26 00:00:00"
"20433","2016-01-27 00:00:00"
"20256","2016-01-28 00:00:00"
"18285","2016-01-29 00:00:00"
"10362","2016-01-30 00:00:00"
"10319","2016-01-31 00:00:00"
"18094","2016-02-01 00:00:00"
"19729","2016-02-02 00:00:00"
"20250","2016-02-03 00:00:00"
"20125","2016-02-04 00:00:00"
"18123","2016-02-05 00:00:00"
"10346","2016-02-06 00:00:00"
"10502","2016-02-07 00:00:00"
"17419","2016-02-08 00:00:00"
"19194","2016-02-09 00:00:00"
"20021","2016-02-10 00:00:00"
"20324","2016-02-11 00:00:00"
"18263","2016-02-12 00:00:00"
"10366","2016-02-13 00:00:00"
"9748","2016-02-14 00:00:00"
"18187","2016-02-15 00:00:00"
"20277","2016-02-16 00:00:00"
"21012","2016-02-17 00:00:00"
"20912","2016-02-18 00:00:00"
"18928","2016-02-19 00:00:00"
"11018","2016-02-20 00:00:00"
"10915","2016-02-21 00:00:00"
"18826","2016-02-22 00:00:00"
"20563","2016-02-23 00:00:00"
"21145","2016-02-24 00:00:00"
"21267","2016-02-25 00:00:00"
"19455","2016-02-26 00:00:00"
"10950","2016-02-27 00:00:00"
"10631","2016-02-28 00:00:00"
"18632","2016-02-29 00:00:00"
"20066","2016-03-01 00:00:00"
"20699","2016-03-02 00:00:00"
"21363","2016-03-03 00:00:00"
"19848","2016-03-04 00:00:00"
"11322","2016-03-05 00:00:00"
"10714","2016-03-06 00:00:00"
"19288","2016-03-07 00:00:00"
"20808","2016-03-08 00:00:00"
"21391","2016-03-09 00:00:00"
"21327","2016-03-10 00:00:00"
"19272","2016-03-11 00:00:00"
"10877","2016-03-12 00:00:00"
"10808","2016-03-13 00:00:00"
"19746","2016-03-14 00:00:00"
"20977","2016-03-15 00:00:00"
"21434","2016-03-16 00:00:00"
"21154","2016-03-17 00:00:00"
"19268","2016-03-18 00:00:00"
"10529","2016-03-19 00:00:00"
"10428","2016-03-20 00:00:00"
"19439","2016-03-21 00:00:00"
"20311","2016-03-22 00:00:00"
"20486","2016-03-23 00:00:00"
"18407","2016-03-24 00:00:00"
"16089","2016-03-25 00:00:00"
"10980","2016-03-26 00:00:00"
"10541","2016-03-27 00:00:00"
"17148","2016-03-28 00:00:00"
"21648","2016-03-29 00:00:00"
"22230","2016-03-30 00:00:00"
"21754","2016-03-31 00:00:00"
"19848","2016-04-01 00:00:00"
"11370","2016-04-02 00:00:00"
"1343","2016-04-03 00:00:00"